priority,ccn,hospital_name,state,target_kind,review_status,pointer_url,pointer_mrf_url,observed_http_status,observed_content_type,header_checked_at,review_checked_at,next_action
1,530002,CAMPBELL COUNTY HEALTH,WY,html-page-or-portal-target,reviewed-current-pointer-linkage-unverified,https://www.cchwyo.org/cms-hpt.txt,https://urldefense.com/v3/__https:/search.hospitalpriceindex.com/hpi2/machineReadable/CampbellCountyMemorialHospital/13739__;!!AdoWyQ-9Vto!ipwom9uL9kUJ0zqRMYfqSv7Gs7w0cen9dpJpE-HhdnnD5Bckj-5zDFicc-Vl8VUErlGifYTRG1hk032m2OS4Ocqbaleov6VK6as$,200,text/html,2026-09-15T05:17:15.928Z,2026-09-16T09:38:25Z,Recover the current root pointer and exact first-party file through a materially different download-capable route or after a publisher change. Compare current pointer target and file bytes before any row promotion.
2,340051,WATAUGA MEDICAL CENTER,NC,html-page-or-portal-target,existing-link-not-exact-pointer-matched,,https://rca.elevatepfs.com/ptapp/,200,text/html,2026-09-15T04:37:11.657Z,,Resolve exact per-CCN root-pointer linkage before using this shared HTML target as facility evidence.
2,340147,UNC HEALTH NASH,NC,html-page-or-portal-target,existing-link-not-exact-pointer-matched,,https://rca.elevatepfs.com/ptapp/,200,text/html,2026-09-15T04:37:11.657Z,,Resolve exact per-CCN root-pointer linkage before using this shared HTML target as facility evidence.
2,344034,APPALACHIAN REGIONAL BEHAVIORAL HEALTHCARE,NC,html-page-or-portal-target,existing-link-not-exact-pointer-matched,,https://rca.elevatepfs.com/ptapp/,200,text/html,2026-09-15T04:37:11.657Z,,Resolve exact per-CCN root-pointer linkage before using this shared HTML target as facility evidence.
2,390001,GEISINGER-COMMUNITY MEDICAL CENTER,PA,automation-challenge-html,observed-automation-captcha-preserve-prior-evidence,https://geisinger.org/cms-hpt.txt,https://www.geisinger.org/-/media/OneGeisinger/pdfs/ghs/patient-care/patients-and-visitors/billing-and-insurance/hosp-charges-csv/24-0862246_Geisinger-Community-Medical-Center_standardcharges,200,text/html; charset=UTF-8,2026-09-15T04:39:12.268Z,2026-09-16T09:22:56.662Z,Preserve prior file evidence; retry this exact URL only after the access challenge changes or an authorized browser can inspect the file without bypassing a CAPTCHA.
2,390003,GEISINGER-BLOOMSBURG HOSPITAL,PA,automation-challenge-html,observed-automation-captcha-preserve-prior-evidence,https://geisinger.org/cms-hpt.txt,https://www.geisinger.org/-/media/OneGeisinger/pdfs/ghs/patient-care/patients-and-visitors/billing-and-insurance/hosp-charges-csv/23-2193572_Geisinger-Bloomsburg-Hospital_standardcharges,200,text/html; charset=UTF-8,2026-09-15T04:39:11.310Z,2026-09-16T09:22:56.825Z,Preserve prior file evidence; retry this exact URL only after the access challenge changes or an authorized browser can inspect the file without bypassing a CAPTCHA.
2,390006,GEISINGER MEDICAL CENTER,PA,automation-challenge-html,observed-automation-captcha-preserve-prior-evidence,https://geisinger.org/cms-hpt.txt,https://www.geisinger.org/-/media/OneGeisinger/pdfs/ghs/patient-care/patients-and-visitors/billing-and-insurance/hosp-charges-csv/24-0795959_Geisinger-Medical-Center_standardcharges,200,text/html; charset=UTF-8,2026-09-15T04:39:12.183Z,2026-09-16T09:22:56.885Z,Preserve prior file evidence; retry this exact URL only after the access challenge changes or an authorized browser can inspect the file without bypassing a CAPTCHA.
2,390048,GEISINGER-LEWISTOWN HOSPITAL,PA,automation-challenge-html,observed-automation-captcha-preserve-prior-evidence,https://geisinger.org/cms-hpt.txt,https://www.geisinger.org/-/media/OneGeisinger/pdfs/ghs/patient-care/patients-and-visitors/billing-and-insurance/hosp-charges-csv/23-1352187_Geisinger-Lewistown-Hospital_standardcharges,200,text/html; charset=UTF-8,2026-09-15T04:39:11.274Z,2026-09-16T09:22:56.786Z,Preserve prior file evidence; retry this exact URL only after the access challenge changes or an authorized browser can inspect the file without bypassing a CAPTCHA.
2,390270,GEISINGER WYOMING VALLEY MEDICAL CENTER,PA,automation-challenge-html,observed-automation-captcha-preserve-prior-evidence,https://geisinger.org/cms-hpt.txt,https://www.geisinger.org/-/media/OneGeisinger/pdfs/ghs/patient-care/patients-and-visitors/billing-and-insurance/hosp-charges-csv/23-1996150_Geisinger-Wyoming-Valley_standardcharges,200,text/html; charset=UTF-8,2026-09-15T04:39:12.068Z,2026-09-16T09:22:56.845Z,Preserve prior file evidence; retry this exact URL only after the access challenge changes or an authorized browser can inspect the file without bypassing a CAPTCHA.
2,391300,GEISINGER JERSEY SHORE HOSPITAL,PA,automation-challenge-html,observed-automation-captcha-preserve-prior-evidence,https://geisinger.org/cms-hpt.txt,https://www.geisinger.org/-/media/OneGeisinger/pdfs/ghs/patient-care/patients-and-visitors/billing-and-insurance/hosp-charges-csv/24-0792115_Geisinger-Jersey-Shore-Hospital_standardcharges,200,text/html; charset=UTF-8,2026-09-15T04:39:11.312Z,2026-09-16T09:22:56.715Z,Preserve prior file evidence; retry this exact URL only after the access challenge changes or an authorized browser can inspect the file without bypassing a CAPTCHA.
2,450241,FAITH COMMUNITY HOSPITAL,TX,file-like-url-returned-html,reviewed-pricer-app-shell-no-csv-proof,https://fchtexas.com/cms-hpt.txt,https://fchtexas.slicedhealth.io/pricer/38-3850788-1790777696_FaithCommunityHospital_standardcharges.csv,200,text/html,2026-09-15T04:35:15.419Z,2026-09-16T09:38:25Z,Use a genuinely download-capable route or a changed first-party link to recover CSV bytes and facility/date metadata from Faith's exact current pointer target. Keep the existing date-unverified finding; do not call the HTML app shell an invalid MRF.
3,010073,CLAY COUNTY HOSPITAL,AL,html-page-or-portal-target,reviewed-html-intermediary-with-file-proof,https://claycountyhospital.com/cms-hpt.txt,https://www.claycountyhospital.com/getpage.php?name=Hospital_Pricing,200,text/html; charset=UTF-8,2026-09-15T04:38:52.700Z,,Retain reviewed portal/page/file proof; recheck only after the pointer or linked file changes.
3,040039,ARKANSAS METHODIST MEDICAL CENTER,AR,html-page-or-portal-target,reviewed-html-intermediary-with-file-proof,https://myammc.org/cms-hpt.txt,https://drive.google.com/file/d/1VaWrohdIhUJ1vUflQNkwPMvx-zxUCqZU/view?usp=sharing,200,text/html; charset=utf-8,2026-09-15T04:35:12.903Z,,Retain reviewed portal/page/file proof; recheck only after the pointer or linked file changes.
3,231308,MUNISING MEMORIAL HOSPITAL,MI,html-page-or-portal-target,reviewed-html-intermediary-with-file-proof,https://www.munisingmemorial.org/cms-hpt.txt,https://munisingmemorial.org/billing/,200,text/html; charset=UTF-8,2026-09-15T04:36:30.712Z,,Retain reviewed portal/page/file proof; recheck only after the pointer or linked file changes.
3,271331,MINERAL COMMUNITY HOSPITAL,MT,html-page-or-portal-target,reviewed-html-intermediary-with-file-proof,https://mineralcommunityhospital.com/cms-hpt.txt,https://mineralcommunityhospital.com/price-transparency/,200,text/html; charset=UTF-8,2026-09-15T04:36:29.148Z,,Retain reviewed portal/page/file proof; recheck only after the pointer or linked file changes.
3,310008,HOLY NAME MEDICAL CENTER,NJ,file-like-url-returned-html,reviewed-file-url-not-found-with-first-party-file-proof,https://holyname.org/cms-hpt.txt,https://www.holyname.org/HospitalCharges/resources/221487322-Holy-Name-standard-charges.csv,200,text/html; charset=utf-8,2026-09-15T04:39:14.664Z,,Retain the current first-party file evidence; recheck the exact pointer-declared file URL after a publisher change.
3,340042,ONSLOW MEMORIAL HOSPITAL,NC,html-page-or-portal-target,reviewed-html-intermediary-with-file-proof,https://onslow.org/cms-hpt.txt,https://search.hospitalpriceindex.com/hpi2/machineReadable/onslowmemorialhospital/11821,200,text/html,2026-09-15T04:37:20.622Z,,Retain reviewed portal/page/file proof; recheck only after the pointer or linked file changes.
3,360352,SURGICAL HOSPITAL AT SOUTHWOODS,OH,html-page-or-portal-target,reviewed-html-intermediary-with-file-proof,https://southwoodshealth.com/cms-hpt.txt,https://www.southwoodshealth.com/pricing-transparency/,200,text/html; charset=UTF-8,2026-09-15T04:39:47.277Z,,Retain reviewed portal/page/file proof; recheck only after the pointer or linked file changes.
3,390325,OSS ORTHOPAEDIC HOSPITAL,PA,html-page-or-portal-target,reviewed-portal-not-found-with-first-party-file-proof,https://osshealth.com/cms-hpt.txt,https://www.cdmpricing.com/bc751d7bc627f16d079c47ff05c9fe44/standard-charges,200,text/html,2026-09-15T04:38:50.408Z,,Retain reviewed portal/page/file proof; recheck only after the pointer or linked file changes.
3,391304,BUCKTAIL MEDICAL CENTER,PA,html-page-or-portal-target,reviewed-html-intermediary-with-file-proof,https://bucktailmedicalcenter.org/cms-hpt.txt,https://bucktailmedicalcenter.kinsta.cloud/price-transparency/,200,text/html; charset=UTF-8,2026-09-15T04:34:37.320Z,,Retain reviewed portal/page/file proof; recheck only after the pointer or linked file changes.
3,400111,HOSPITAL SAN CARLOS BORROMEO,PR,html-page-or-portal-target,reviewed-html-intermediary-with-file-proof,https://hscbmoca.org/cms-hpt.txt,https://hscbmocaorg.ipage.com/prices/index.php,200,text/html; charset=UTF-8,2026-09-15T05:17:14.554Z,,Retain reviewed portal/page/file proof; recheck only after the pointer or linked file changes.
