ccn,hospital_name,state,old_finding,status,website,pointer,identity,file_access,metadata,pointer_url,mrf_url,date,version,source_page,checked_at
040017,NORTH ARKANSAS REGIONAL MEDICAL CENTER,AR,old-template-version,publisher-template-review,host returned pointer,entries retrieved,corroborated,response received,date-within-365-days-older-version,https://www.narmc.com/cms-hpt.txt,https://www.narmc.com/images/710787860_north-arkansas-regional-medical-center_standardcharges.csv,2025-11-25,2.0.0,https://www.narmc.com/bill-pay/price-transparency,2026-09-09T01:47:30.684Z
040164,UNITY HEALTH - JACKSONVILLE,AR,mrf-stale-over-365-days,publisher-date-review,host returned pointer,entries retrieved,corroborated,response received,date-over-365-days,https://res.cloudinary.com/dpmykpsih/raw/upload/unity-health-2024-site-471/media/r/6ffa86dd7af948a4b4216e06cb522e07/unity-healthcms-hpt.txt,https://res.cloudinary.com/dpmykpsih/raw/upload/unity-health-2024-site-471/media/r/9853a0e7e4714bd59ef913643cafb308/86-2564877_unity-health-jacksonville_standardcharges.json,2025-03-01,2.2.0,https://www.unity-health.org/patients-visitors/pricing/,2026-09-09T01:47:31.340Z
041332,UNITY HEALTH - NEWPORT,AR,mrf-stale-over-365-days,publisher-date-review,host returned pointer,entries retrieved,corroborated,response received,date-over-365-days,https://res.cloudinary.com/dpmykpsih/raw/upload/unity-health-2024-site-471/media/r/6ffa86dd7af948a4b4216e06cb522e07/unity-healthcms-hpt.txt,https://res.cloudinary.com/dpmykpsih/raw/upload/unity-health-2024-site-471/media/r/e095f26cd5034d22b9124fc30dcecb5a/86-1835149_unity-health-newport_standardcharges.json,2025-03-01,2.2.0,https://www.unity-health.org/patients-visitors/pricing/,2026-09-09T01:47:31.400Z
040014,WHITE COUNTY MEDICAL CENTER,AR,mrf-stale-over-365-days,publisher-date-review,host returned pointer,entries retrieved,corroborated,response received,date-over-365-days,https://res.cloudinary.com/dpmykpsih/raw/upload/unity-health-2024-site-471/media/r/6ffa86dd7af948a4b4216e06cb522e07/unity-healthcms-hpt.txt,https://res.cloudinary.com/dpmykpsih/raw/upload/unity-health-2024-site-471/media/r/f7b14e4eba234333a31eb2d09e307e62/71-0772737_unity-health-white-county-medical-center_standardcharges.json,2025-03-01,2.2.0,https://www.unity-health.org/patients-visitors/pricing/,2026-09-09T01:47:31.550Z
034035,AVENIR BEHAVIORAL HEALTH CENTER,AZ,old-template-version,publisher-template-review,host returned pointer,entries retrieved,corroborated,response received,date-within-365-days-older-version,https://g5-assets-cld-res.cloudinary.com/raw/upload/v1759426049/g5/g5-c-5hk8rftzt-avenir-senior-living-single-domain/g5-cl-1ivmhxc3h3-avenir-senior-living/uploads/cms-hptt_ggurj3.txt,https://g5-assets-cld-res.cloudinary.com/raw/upload/v1759418416/g5/g5-c-5hk8rftzt-avenir-senior-living-single-domain/g5-cl-1ivmlhcajg-avenir-center-for-behavioral-health-at-surprise/uploads/400629305_avenir_behavioral_center_standardcharges_wrurw3.csv,2025-09-30,2.0.0,https://www.avenirseniorliving.com/senior-living/az/surprise/behavioral-health/pricing-transparency,2026-09-09T01:47:31.754Z
034013,COLLEGE MEDICAL CENTER PHOENIX,AZ,old-template-version,publisher-template-review,host returned pointer,entries retrieved,corroborated,response received,date-within-365-days-older-version,https://cmcphoenix.com/cms-hpt.txt,https://cmcphoenix.com/331313844_college-medical-center-phoenix_standardcharges-3/,2026-03-11,1,https://cmcphoenix.com/price-transparency/,2026-09-09T01:47:31.818Z
030153,EAST VALLEY ER & HOSPITAL,AZ,old-template-version,publisher-template-review,host returned pointer,entries retrieved,corroborated,response received,date-within-365-days-older-version,https://eastvalleyhospital.com/cms-hpt.txt,https://eastvalleyhospital.com/wp-content/uploads/2025/10/862195601-1881352037_east-valley-hospital-llc_standardcharges-3in.csv,2025-10-10,2.1.0,https://eastvalleyhospital.com/price-transparency/,2026-09-09T01:47:31.832Z
030062,SUMMIT HEALTHCARE REGIONAL MEDICAL CENTER,AZ,mrf-stale-over-365-days,publisher-date-review,host returned pointer,entries retrieved,corroborated,response received,date-over-365-days,https://summithealthcare.net/cms-hpt.txt,https://hospitalpricedisclosure.com/download.aspx?pi=L*__*5isnkJWsT9OFJEKfZzfA*-*,2025-01-01,2.2.0,https://hospitalpricedisclosure.com/default.aspx?pi=L*__*5isnkJWsT9OFJEKfZzfA*-*,2026-09-09T01:47:32.030Z
034025,THE HEALING PLACE,AZ,old-template-version,publisher-template-review,host returned pointer,entries retrieved,corroborated,response received,date-within-365-days-older-version,https://static1.squarespace.com/static/641cdb99a1fef46a48846e0c/t/69177051ff07795f6421eb3a/1763143790342/cms-hpt.txt,https://www.polarahealth.com/s/TheHealingPlace_MainCampus_StandardCharges.csv,2025-11-04,2.0.0,https://www.polarahealth.com/resourcecenter,2026-09-09T01:47:32.126Z
054158,"ALISO RIDGE BEHAVIORAL HEALTH, LLC",CA,mrf-stale-over-365-days,publisher-date-review,host returned pointer,entries retrieved,corroborated,response received,date-over-365-days,https://www.ocspecialtyhealth.com/cms-hpt.txt,https://www.ocspecialtyhealth.com/wp-content/uploads/2025/03/811504286_aliso-ridge-behavioral-health-llc_standardcharges.csv,2025-03-21,2.0.0,https://www.ocspecialtyhealth.com/standard-services/,2026-09-09T01:47:43.539Z
050854,"ANAHEIM COMMUNITY HOSPITAL, LLC",CA,mrf-stale-over-365-days,publisher-date-review,host returned pointer,entries retrieved,corroborated,response received,date-over-365-days,https://anaheimcommunityhospital.com/cms-hpt.txt,https://www.anaheimcommunityhospital.com/wp-content/uploads/2025/03/854314119_anaheim-community-hospital-llc_standardcharges.csv,2025-03-03,2.0.0,https://www.anaheimcommunityhospital.com/standard-services/,2026-09-09T01:47:44.736Z
051335,BEAR VALLEY COMMUNITY HOSPITAL,CA,mrf-stale-over-365-days,publisher-date-review,host returned pointer,entries retrieved,corroborated,response received,date-over-365-days,https://bvchd.com/cms-hpt.txt,https://bvchd.com/wp-content/uploads/2024/09/330294751_BEAR-VALLEY-COMMUNITY-HOSPITAL_standardcharges.csv,2024-08-29,2.0.0,https://bvchd.com/for-patients/price-transparency/,2026-09-09T01:47:44.821Z
050625,CEDARS-SINAI MEDICAL CENTER,CA,old-template-version,publisher-template-review,host returned pointer,entries retrieved,corroborated,response received,date-within-365-days-older-version,https://www.cedars-sinai.org/cms-hpt.txt,https://www.cedars-sinai.org/content/dam/cedars-sinai/billing-insurance/documents/951644600_CEDARS-SINAI-MEDICAL-CENTER_standardcharges.json,2025-11-26,2.0.0,https://cedars-sinai.org/price-transparency.html,2026-09-09T01:47:44.996Z
054028,GATEWAYS HOSP  MENTAL HEALTH CTR,CA,mrf-stale-over-365-days,publisher-date-review,host returned pointer,entries retrieved,corroborated,response received,date-over-365-days,https://gatewayshospital.org/cms-hpt.txt,https://www.gatewayshospital.org/price-transparency/95-1691011_gateways-hospital-and-mental-health-center_standardcharges.csv,2025-08-06,3.0.0,https://www.gatewayshospital.org/hospital-price-transparency/,2026-09-09T01:47:45.521Z
051306,GLENN MEDICAL CENTER,CA,old-template-version,publisher-template-review,host returned pointer,entries retrieved,corroborated,response received,date-within-365-days-older-version,https://gmcmed.org/cms-hpt.txt,https://apps.para-hcfs.com/PTT/FinalLinks/Reports.aspx?dbName=dbGMCWILLOWSCA&type=CDMWithoutLabel&fileType=CSV,2025-10-04,2.0.0,https://apps.para-hcfs.com/PTT/FinalLinks/AmericanAdvancedGlenn.aspx,2026-09-09T01:47:47.543Z
051324,NORTHERN INYO HOSPITAL,CA,mrf-stale-over-365-days,publisher-date-review,host returned pointer,entries retrieved,corroborated,response received,date-over-365-days,https://www.nih.org/cms-hpt.txt,https://www.nih.org/documents/956005449_northern-inyo-hospital_standardcharges.csv,2024-10-01,2.2.0,https://www.nih.org/resources/price-transparency/,2026-09-09T01:47:45.589Z
061343,KEEFE MEMORIAL HOSPITAL,CO,mrf-stale-over-365-days,publisher-date-review,host returned pointer,entries retrieved,corroborated,response received,date-over-365-days,https://keefemh.org/cms-hpt.txt,https://keefemh.org/wp-content/uploads/2025/07/472340447_keefe-memorial-health-service-district_standardcharges.csv,2025-06-30,2.0.0,https://keefemh.org/patient-resources/pricing-transparency/,2026-09-09T01:47:50.518Z
104024,"CIRCLES OF CARE, INC",FL,old-template-version,publisher-template-review,host returned pointer,entries retrieved,corroborated,response received,date-within-365-days-older-version,https://circlesofcare.org/cms-hpt.txt,https://www.circlesofcare.org/wp-content/uploads/2025/12/591101553_circles-of-care-inc_standardcharges.csv,2025-12-12,2.0.0,https://www.circlesofcare.org/financial-transparency/,2026-09-09T01:47:52.152Z
100183,CORAL GABLES HOSPITAL,FL,mrf-stale-over-365-days,publisher-date-review,host returned pointer,entries retrieved,corroborated,response received,date-over-365-days,https://coralgableshospital.org/cms-hpt.txt,https://coralgableshospital.org/pricetransparency/995038459_CoralGablesHospital_standardcharges.csv,2025-02-21,2.0.0,https://coralgableshospital.org/price-transparency/,2026-09-09T01:47:54.698Z
100053,HIALEAH HOSPITAL,FL,mrf-stale-over-365-days,publisher-date-review,host returned pointer,entries retrieved,corroborated,response received,date-over-365-days,https://hialeahhosp.org/cms-hpt.txt,https://hialeahhosp.org/pricetransparency/995053647_HialeahHospital_standardcharges.csv,2025-02-21,2.0.0,https://hialeahhosp.org/price-transparency/,2026-09-09T01:47:57.201Z
100253,JUPITER MEDICAL CENTER,FL,old-template-version,publisher-template-review,host returned pointer,entries retrieved,corroborated,response received,date-within-365-days-older-version,https://www.jupitermed.com/cms-hpt.txt,https://www.jupitermed.com/documents/content/59-1460239_jupiter-medical-center_standardcharges.csv,2025-10-01,2.2.0,https://www.jupitermed.com/patients-visitors/for-patients/billing-financial-information/hospital-pricing/,2026-09-09T01:47:57.478Z
104084,NEUROBEHAVIORAL HOSPITAL OF THE PALM BEACHES-NORTH,FL,old-template-version,publisher-template-review,host returned pointer,entries retrieved,corroborated,response received,date-within-365-days-older-version,https://nbhospitals.com/cms-hpt.txt,https://nbhospitals.com/standard-services/Pricing-guidelinesNeuro.csv,2026-01-01,1,https://nbhospitals.com/cms-standard-services/,2026-09-09T01:47:59.628Z
104085,NEUROBEHAVIORAL HOSPITAL OF THE PALM BEACHES-SOUTH,FL,old-template-version,publisher-template-review,host returned pointer,entries retrieved,corroborated,response received,date-within-365-days-older-version,https://nbhospitals.com/cms-hpt.txt,https://nbhospitals.com/standard-services/Pricing-guidelinesNeuro.csv,2026-01-01,1,https://nbhospitals.com/cms-standard-services/,2026-09-09T01:47:59.628Z
100029,NORTH SHORE MEDICAL CENTER,FL,mrf-stale-over-365-days,publisher-date-review,host returned pointer,entries retrieved,corroborated,response received,date-over-365-days,https://northshoremc.org/cms-hpt.txt,https://northshoremc.org/pricetransparency/995020733_NorthShoreMedicalCenter_standardcharges.csv,2025-02-21,2.0.0,https://northshoremc.org/price-transparency/,2026-09-09T01:47:59.636Z
100187,PALMETTO GENERAL HOSPITAL,FL,mrf-stale-over-365-days,publisher-date-review,host returned pointer,entries retrieved,corroborated,response received,date-over-365-days,https://palmettogeneral.org/cms-hpt.txt,https://palmettogeneral.org/pricetransparency/995002378_PalmettoGeneralHospital_standardcharges.csv,2025-02-20,2.0.0,https://palmettogeneral.org/price-transparency/,2026-09-09T01:47:59.720Z
100135,TALLAHASSEE MEMORIAL HEALTHCARE,FL,mrf-stale-over-365-days,publisher-date-review,host returned pointer,entries retrieved,corroborated,response received,date-over-365-days,https://www.tmh.org/sites/default/files/price-transparency/cms-hpt.txt,https://www.tmh.org/sites/default/files/price-transparency/591917016_tallahassee-memorial-hospital_standardcharges.csv,2025-05-15,2.0.0,https://www.tmh.org/patients-and-visitors/billing-and-financial-assistance-information#standardrates,2026-09-09T01:48:00.044Z
110024,CANDLER HOSPITAL,GA,mrf-stale-over-365-days,publisher-date-review,host returned pointer,entries retrieved,corroborated,response received,date-over-365-days,https://www.sjchs.org/cms-hpt.txt,https://www.sjchs.org/docs/default-source/default-document-library/580593388_candler-hospital_standardcharges293f9cd3-a627-4d74-aabc-b691b192010e.json,2025-07-01,2.2.0,https://www.sjchs.org/pay-my-bill,2026-09-09T01:48:00.077Z
110146,SOUTHEAST GEORGIA HEALTH SYSTEM -- CAMDEN CAMPUS,GA,mrf-stale-over-365-days,publisher-date-review,host returned pointer,entries retrieved,corroborated,response received,date-over-365-days,https://www.sghs.org/cms-hpt.txt,https://res.cloudinary.com/dpmykpsih/raw/upload/southeast-georgia-site-441/media/r/2b7af40f710742bdb73b6db38189c1a2/581911751_southeast-georgia-health-system-camden-campus_standardcharges.csv,2025-01-28,2.0.0,https://www.sghs.org/patients-visitors/billing-information/understanding-health-care-pricing/,2026-09-09T01:48:01.109Z
110025,SOUTHEAST GEORGIA HEALTH SYSTEM- BRUNSWICK CAMPUS,GA,mrf-stale-over-365-days,publisher-date-review,host returned pointer,entries retrieved,corroborated,response received,date-over-365-days,https://www.sghs.org/cms-hpt.txt,https://res.cloudinary.com/dpmykpsih/raw/upload/southeast-georgia-site-441/media/r/3973089e73b74845a679c5863cedd135/581911751_southeast-georgia-health-system-brunswick-campus_standardcharg.csv,2025-01-01,2.0.0,https://www.sghs.org/patients-visitors/billing-information/understanding-health-care-pricing/,2026-09-09T01:48:01.189Z
161350,STEWART MEMORIAL COMMUNITY HOSPITAL,IA,mrf-stale-over-365-days,publisher-date-review,host returned pointer,entries retrieved,corroborated,response received,date-over-365-days,https://stewartmemorial.org/cms-hpt.txt,https://www.stewartmemorial.org/wp-content/uploads/2025/12/420860039_Stewart-Memorial-Community-Hospital_StandardCharges.csv,2024-10-08,2.0.0,https://www.stewartmemorial.org/patients/price-transparency/,2026-09-09T01:48:03.889Z
130063,TREASURE VALLEY HOSPITAL,ID,mrf-stale-over-365-days,publisher-date-review,host returned pointer,entries retrieved,corroborated,response received,date-over-365-days,https://treasurevalleyhospital.com/cms-hpt.txt,https://cdn.sanity.io/files/rlbzokv7/production/063a7fda12ee958c90577c83cec3c34abe54407c.csv,2024-07-01,2.0.0,https://treasurevalleyhospital.com/price-transparency/,2026-09-09T01:48:03.989Z
140082,LOUIS A WEISS MEMORIAL HOSPITAL,IL,mrf-stale-over-365-days,publisher-date-review,host returned pointer,entries retrieved,corroborated,response received,date-over-365-days,https://www.weisshospital.com/8453_Weiss%20Memorial%20Hospital_2025-04-01.txt,https://sthpiprd.blob.core.windows.net/machine-readable-files/12711/352637418_resilience-healthcare-weiss-memorial-hospital-llc_standardcharges.csv,2025-03-17,2.0.0,https://search.hospitalpriceindex.com/hpi2/machineReadable/WeissMemorialHospital/12711,2026-09-09T01:48:06.392Z
141302,MIDWEST MEDICAL CENTER,IL,mrf-stale-over-365-days,publisher-date-review,host returned pointer,entries retrieved,corroborated,response received,date-over-365-days,https://www.midwestmedicalcenter.org/cms-hpt.txt,https://www.midwestmedicalcenter.org/content/pdfs/204560540_midwest-medical-center_standardcharges.csv,2025-01-02,2.0.0,https://www.midwestmedicalcenter.org/patients-visitors/standard-charges,2026-09-09T01:48:06.716Z
154009,HAMILTON CENTER INC,IN,old-template-version,publisher-template-review,host returned pointer,entries retrieved,corroborated,response received,date-within-365-days-older-version,https://hamiltoncenter.org/cms-hpt.txt,https://www.hamiltoncenter.org/351140758_hamilton-center-inc-_standardcharges/,2026-02-09,2,https://www.hamiltoncenter.org/price-transparency/,2026-09-09T01:48:16.683Z
154050,NORTHEASTERN CENTER,IN,old-template-version,publisher-template-review,host returned pointer,entries retrieved,corroborated,response received,date-within-365-days-older-version,https://nec.org/cms-hpt.txt,https://www.nec.org/wp-content/uploads/2026/06/351403134_Northeastern-Center_standardcharges-1.csv,2026-06-01,2.0.0,https://www.nec.org/about-northeastern-center/price-transparency/,2026-09-09T01:48:18.422Z
150065,SCHNECK MEDICAL CENTER,IN,mrf-stale-over-365-days,publisher-date-review,host returned pointer,entries retrieved,corroborated,response received,date-over-365-days,https://www.schneckmed.org/cms-hpt.txt,https://d188lfxfyq6i9j.cloudfront.net/general-uploads/PDF-Assets/35-1163135_Jackson-County-Schneck-Memorial-Hospital_standardcharges.csv,2024-01-24,2.0.0,https://www.schneckmed.org/patients-visitors/patient-information/billing-insurance#price-transparency---chargemaster,2026-09-09T01:48:19.133Z
170183,KANSAS SURGERY & RECOVERY CENTER,KS,mrf-stale-over-365-days,publisher-date-review,host returned pointer,entries retrieved,corroborated,response received,date-over-365-days,https://irp.cdn-website.com/fa377abf/files/uploaded/cms-hpt202504.txt,https://irp.cdn-website.com/fa377abf/files/uploaded/481148580_kansas-surgery---recovery-center-llc_standardcharges.csv,2025-03-25,2.0.0,https://www.kansas.surgery/price-transparency,2026-09-09T01:48:19.708Z
171321,MEADE DISTRICT HOSPITAL,KS,mrf-stale-over-365-days,publisher-date-review,host returned pointer,entries retrieved,corroborated,response received,date-over-365-days,https://3293c1a2-894d-4ca5-9b72-fc018865f82e.usrfiles.com/ugd/3293c1_0c176796799b488382354a99e253f472.txt,https://a9a4b96f-06fd-48d5-afab-60ad79a55e97.filesusr.com/ugd/3293c1_b634e2c6081e4736bc6956dddef01d94.json?dn=480966086_Meade%20District%20Hospital_standardcharges%20(3).json,2024-12-31,2.2.0,https://www.avhealthsystem.com/pricing-information,2026-09-09T01:48:19.835Z
181325,JANE TODD CRAWFORD HOSPITAL,KY,old-template-version,publisher-template-review,host returned pointer,entries retrieved,corroborated,response received,date-within-365-days-older-version,https://janetoddhospital.com/cms-hpt.txt,https://www.janetoddhospital.com/Content/Uploads/janetoddhospital.com/files/204474637_Jane-Todd-Crawford-Hospital_standardcharges.csv,2026-03-31,2.0.0,https://www.janetoddhospital.com/Content/Uploads/janetoddhospital.com/files/204474637_Jane-Todd-Crawford-Hospital_standardcharges.csv,2026-09-09T01:48:29.763Z
194112,BEACON BEHAVIORAL HOSPITAL - CENTRAL,LA,old-template-version,publisher-template-review,host returned pointer,entries retrieved,corroborated,response received,date-within-365-days-older-version,https://beaconbh.com/cms-hpt.txt,https://beaconbh.com/wp-content/uploads/2026/04/853294005-320433074-1184044430_bunkie-hospital_standardcharges_2026.csv,2025-10-01,2.0.0,https://www.beaconbh.com/price-transparency/,2026-09-09T01:48:31.510Z
194102,"BEACON BEHAVIORAL HOSPITAL, LLC",LA,old-template-version,publisher-template-review,host returned pointer,entries retrieved,corroborated,response received,date-within-365-days-older-version,https://beaconbh.com/cms-hpt.txt,https://beaconbh.com/wp-content/uploads/2026/04/853294019-273463367-1881996940_lutcher-hospital_standardcharges_2026.csv,2025-10-01,2.0.0,https://www.beaconbh.com/price-transparency/,2026-09-09T01:48:31.624Z
190190,"CALDWELL MEMORIAL HOSPITAL, INC",LA,mrf-stale-over-365-days,publisher-date-review,host returned pointer,entries retrieved,corroborated,response received,date-over-365-days,https://mycaldwellmemorial.com/cms-hpt.txt,https://www.mycaldwellmemorial.com/wp-content/uploads/2020/12/720878037_caldwell-memorial-hospital_standardcharges.csv,2024-06-27,2.0.0,https://mycaldwellmemorial.com/faqs,2026-09-09T01:48:31.748Z
190160,GLENWOOD REGIONAL MEDICAL CENTER,LA,mrf-stale-over-365-days,publisher-date-review,host returned pointer,entries retrieved,corroborated,response received,date-over-365-days,https://glenwoodregional.org/cms-hpt.txt,https://glenwoodregional.org/pricetransparency/994786140_GlenwoodRegionalMedicalCenter_standardcharges.csv,2025-03-19,2.0.0,https://glenwoodregional.org/price-transparency,2026-09-09T01:48:32.008Z
190167,MERCY REGIONAL MEDICAL CENTER,LA,old-template-version,publisher-template-review,host returned pointer,entries retrieved,corroborated,response received,date-within-365-days-older-version,https://mercyregionalmedical.com/cms-hpt.txt,https://mercyregionalmedical.com/824681222_MERCY-REGIONAL-MEDICAL-CENTER_standardcharges.csv,2026-02-02,2.0.0,https://mercyregionalmedical.com/,2026-09-09T01:48:32.119Z
220095,HEYWOOD HOSPITAL -,MA,mrf-stale-over-365-days,publisher-date-review,host returned pointer,entries retrieved,corroborated,response received,date-over-365-days,https://www.atholhospital.org/cms-hpt.txt,https://mrfs.hyvehealthcare.com/HeywoodHealthcare/042103581_heywood-hospital_standardcharges.json,2025-04-16,2.2.0,https://mrfs.hyvehealthcare.com/HeywoodHealthcare/,2026-09-09T01:48:38.396Z
210005,FREDERICK HEALTH HOSPITAL,MD,mrf-stale-over-365-days,publisher-date-review,host returned pointer,entries retrieved,corroborated,response received,date-over-365-days,https://www.frederickhealth.org/cms-hpt.txt,https://www.frederickhealth.org/documents/billing%20and%20finance/52-0591612_FrederickHealthHospital_standardcharges.csv,2025-03-17,2.0.0,https://www.frederickhealth.org/about/billing-financial-assistance/,2026-09-09T01:48:52.538Z
210023,"LUMINIS HEALTH ANNE ARUNDEL MEDICAL CENTER, INC",MD,old-template-version,publisher-template-review,host returned pointer,entries retrieved,corroborated,response received,date-within-365-days-older-version,https://www.luminishealth.org/sites/default/files/2026-01/cms-hpt.txt,https://www.luminishealth.org/sites/default/files/2026-01/1477517225_annearundelmedicalcenter_standardcharges.csv,2026-01-15,2.0.0,https://www.luminishealth.org/en/price-transparency,2026-09-09T01:48:53.084Z
210051,"LUMINIS HEALTH DOCTORS COMMUNITY MEDICAL CTR, INC",MD,old-template-version,publisher-template-review,host returned pointer,entries retrieved,corroborated,response received,date-within-365-days-older-version,https://www.luminishealth.org/sites/default/files/2026-01/cms-hpt.txt,https://www.luminishealth.org/sites/default/files/2026-01/1730136532_doctorscommunitymedicalcenter_standardcharges.csv,2026-01-15,2.0.0,https://www.luminishealth.org/en/price-transparency,2026-09-09T01:48:53.124Z
214020,LUMINIS HEALTH J KENT MCNEW FAMILY MEDICAL CENTER,MD,old-template-version,publisher-template-review,host returned pointer,entries retrieved,corroborated,response received,date-within-365-days-older-version,https://www.luminishealth.org/sites/default/files/2026-01/cms-hpt.txt,https://www.luminishealth.org/sites/default/files/2026-01/1780236992_jkentmcnewfamilymedicalcenter_standardcharges.csv,2026-01-15,2.0.0,https://www.luminishealth.org/en/price-transparency,2026-09-09T01:48:53.129Z
231318,"ASPIRUS IRON RIVER HOSPITAL & CLINICS, INC",MI,mrf-stale-over-365-days,publisher-date-review,host returned pointer,entries retrieved,corroborated,response received,date-over-365-days,https://www.aspirus.org/cms-hpt.txt,https://www.aspirus.org/Uploads/Public/Documents/PriceEstimate/TransparencyFY26/383236977_aspirus-iron-river-hospital_standardcharges.json,2025-07-01,2.2.0,https://www.aspirus.org/price-estimate,2026-09-09T01:48:55.968Z
231311,DECKERVILLE COMMUNITY HOSPITAL,MI,mrf-stale-over-365-days,publisher-date-review,host returned pointer,entries retrieved,corroborated,response received,date-over-365-days,https://aspirerhs.org/cms-hpt.txt,https://aspirerhs.org/wp-content/uploads/2024/07/381415390_deckerville-community-hospital_standardcharges.csv,2025-01-15,2.0.0,https://aspirerhs.org/billing/,2026-09-09T01:48:56.433Z
230275,HEALTHSOURCE SAGINAW,MI,old-template-version,publisher-template-review,host returned pointer,entries retrieved,corroborated,response received,date-within-365-days-older-version,https://healthsourcesaginaw.org/cms-hpt.txt,https://www.healthsourcesaginaw.org/wp-content/uploads/2026/01/386004889_healthsource-saginaw_standardcharges.csv,2026-01-06,2.0.0,https://www.healthsourcesaginaw.org,2026-09-09T01:48:56.903Z
231316,HILLS & DALES GENERAL HOSPITAL,MI,mrf-stale-over-365-days,publisher-date-review,host returned pointer,entries retrieved,corroborated,response received,date-over-365-days,https://aspirerhs.org/cms-hpt.txt,https://aspirerhs.org/wp-content/uploads/2024/07/381619577_hills-and-dales-general-hospital_standardcharges.csv,2025-01-01,2.0.0,https://aspirerhs.org/billing/,2026-09-09T01:48:57.003Z
231330,MARLETTE REGIONAL HOSPITAL,MI,mrf-stale-over-365-days,publisher-date-review,host returned pointer,entries retrieved,corroborated,response received,date-over-365-days,https://aspirerhs.org/cms-hpt.txt,https://aspirerhs.org/wp-content/uploads/2024/07/381507302_marlette-regional-hospital_standardcharges.csv,2025-01-25,2.0.0,https://aspirerhs.org/billing/,2026-09-09T01:48:57.012Z
231314,MCKENZIE HEALTH SYSTEM,MI,mrf-stale-over-365-days,publisher-date-review,host returned pointer,entries retrieved,corroborated,response received,date-over-365-days,https://www.mckenziehealth.org/cms-hpt.txt,https://www.mckenziehealth.org/documents/content/standard%20charges/381738615_McKenzie-Memorial-Hospital_standardcharges.csv,2025-05-31,2.0.0,https://www.mckenziehealth.org/patients-visitors/billing-insurance/,2026-09-09T01:48:57.052Z
241308,ASPIRUS LAKE VIEW HOSPITAL,MN,mrf-stale-over-365-days,publisher-date-review,host returned pointer,entries retrieved,corroborated,response received,date-over-365-days,https://www.aspirus.org/cms-hpt.txt,https://www.aspirus.org/Uploads/Public/Documents/PriceEstimate/TransparencyFY26/410786046_aspirus-lake-view-hospital_standardcharges.json,2025-07-01,2.2.0,https://www.aspirus.org/price-estimate,2026-09-09T01:49:08.320Z
240047,ST LUKES HOSPITAL,MN,mrf-stale-over-365-days,publisher-date-review,host returned pointer,entries retrieved,corroborated,response received,date-over-365-days,https://www.aspirus.org/cms-hpt.txt,https://www.aspirus.org/Uploads/Public/Documents/PriceEstimate/TransparencyFY26/410714079_aspirus-st-lukes-hospital_standardcharges.json,2025-07-01,2.2.0,https://www.aspirus.org/price-estimate,2026-09-09T01:49:09.093Z
260061,NEVADA REGIONAL MEDICAL CENTER,MO,mrf-stale-over-365-days,publisher-date-review,host returned pointer,entries retrieved,corroborated,response received,date-over-365-days,https://irp.cdn-website.com/5b92682e/files/uploaded/cms-hpt-4ab8d9db.txt,https://www.nrmchealth.com/pricing-transparency-mrf-url,2025-01-14,2.0.0,https://www.nrmchealth.com/pricing-transparency,2026-09-09T01:49:09.630Z
261307,PERSHING MEMORIAL HOSPITAL,MO,mrf-stale-over-365-days,publisher-date-review,host returned pointer,entries retrieved,corroborated,response received,date-over-365-days,https://phsmo.org/cms-hpt.txt,https://hospitalpricetransparencyfiles.com/general-john-j-pershing-memorial-hospital-association/430715842_General-John-J-Pershing-Memorial-Hospital-Association_standardcharges.csv,2025-06-13,3.0.0,https://www.ezcost.info/pershing-memorial-hospital,2026-09-09T01:49:09.772Z
260097,WESTERN MISSOURI MEDICAL CENTER,MO,mrf-stale-over-365-days,publisher-date-review,host returned pointer,entries retrieved,corroborated,response received,date-over-365-days,https://wmmc.com/cms-hpt.txt,https://wmmc.com/wp-content/uploads/2024/11/440665266_western-missouri-medical-center_standardcharges.csv,2024-12-01,2.2.0,https://wmmc.com/price-transparency/,2026-09-09T01:49:09.923Z
250124,MAGEE GENERAL HOSPITAL,MS,mrf-stale-over-365-days,publisher-date-review,host returned pointer,entries retrieved,corroborated,response received,date-over-365-days,https://mghosp.org/cms-hpt.txt,https://mghosp.org/wp-content/uploads/2025/01/640324402_magee-benevolent-association_standardcharges.csv,2024-12-26,2.0.0,https://mghosp.org/price-transparency/,2026-09-09T01:49:10.398Z
251337,TIPPAH COUNTY HOSPITAL,MS,mrf-stale-over-365-days,publisher-date-review,host returned pointer,entries retrieved,corroborated,response received,date-over-365-days,https://tippahcountyhospital.com/cms-hpt.txt,https://www.tippahcountyhospital.com/assets/Uploads/646001350_tippah-county-hospital_standardcharges.csv?vid=3,2025-07-29,2.0.0,https://www.tippahcountyhospital.com/patients-and-visitors/pricing-transparency,2026-09-09T01:49:10.665Z
271389,BOZEMAN HEALTH BIG SKY MEDICAL CENTER,MT,mrf-stale-over-365-days,publisher-date-review,host returned pointer,entries retrieved,corroborated,response received,date-over-365-days,https://bozemanhealth.org/cms-hpt.txt,https://bozemanhealth.org/wp-content/uploads/2025/01/01/474718253_big-sky-medical-center_standardcharges.json,2024-11-19,2.2.0,https://bozemanhealth.org/services/patient-financial-services/pricing-transparency/,2026-09-09T01:49:11.101Z
340068,COLUMBUS REGIONAL HEALTHCARE SYSTEM,NC,mrf-stale-over-365-days,publisher-date-review,host returned pointer,entries retrieved,corroborated,response received,date-over-365-days,https://crhealthcare.org/cms-hpt.txt,"https://sthpiprd.blob.core.windows.net/machine-readable-files/11292/560538020_columbus-regional-healthcare-system,-inc_standardcharges.csv",2025-09-01,3.0.0,https://crhealthcare.org/patients-visitors/crhs-financial-assistance/,2026-09-09T01:49:12.656Z
290003,SUNRISE HOSPITAL AND MEDICAL CENTER,NV,mrf-stale-over-365-days,publisher-date-review,host returned pointer,entries retrieved,corroborated,response received,date-over-365-days,https://sunrisehospital.com/cms-hpt.txt,https://core.secure.ehc.com/src/util/json-detail-price-list/62-1762537_sunrise-hospital-and-medical-center_standardcharges.json,2024-10-01,2.2.0,https://sunrisehospital.com/about/legal/pricing-transparency-cms-required-file-of-standard-charges.dot,2026-09-09T01:49:49.993Z
330235,AUBURN  COMMUNITY  HOSPITAL,NY,mrf-stale-over-365-days,publisher-date-review,host returned pointer,entries retrieved,corroborated,response received,date-over-365-days,https://www.auburnhospital.org/cms-hpt.txt,https://www.auburnhospital.org/wp-content/uploads/2025/01/150532054_auburn-community-hospital_standardcharges-2.zip,2025-01-19,2.0.0,https://www.auburnhospital.org/patients-and-visitors/billing/,2026-09-09T01:49:50.514Z
334022,BRYLIN HOSP,NY,old-template-version,publisher-template-review,host returned pointer,entries retrieved,corroborated,response received,date-within-365-days-older-version,https://brylin.com/cms-hpt.txt,https://www.brylin.com/wp-content/uploads/2025/10/16-1163586_BryLin-Hospitals-Inc_standardcharges.csv,2025-10-15,1.0.0,https://www.brylin.com/price-transparency/,2026-09-09T01:49:50.763Z
330405,HELEN HAYES HOSPITAL,NY,mrf-stale-over-365-days,publisher-date-review,host returned pointer,entries retrieved,corroborated,response received,date-over-365-days,https://helenhayeshospital.org/cms-hpt.txt,https://shop.helenhayeshosp.org/00-0432000_Helen-Hayes-Hospital_standardcharges.csv,2024-07-01,1.0.0,https://shop.helenhayeshosp.org/,2026-09-09T01:49:50.996Z
330027,NASSAU UNIVERSITY MEDICAL CENTER,NY,old-template-version,publisher-template-review,host returned pointer,entries retrieved,corroborated,response received,date-within-365-days-older-version,https://numc.edu/cms-hpt.txt,https://sthpiprd.blob.core.windows.net/machine-readable-files/13384/113465690-1801857172_nassau-health-care-corporation_standardcharges.csv,2025-10-28,2.0.0,https://search.hospitalpriceindex.com/hpi2/machineReadable/NassauHealthCareCorporation/13384,2026-09-09T01:49:52.005Z
361326,ADAMS COUNTY REGIONAL MEDICAL CENTER,OH,mrf-stale-over-365-days,publisher-date-review,host returned pointer,entries retrieved,corroborated,response received,date-over-365-days,https://acrmc.com/wp-content/uploads/2025/03/cms-hpt.txt,https://acrmc.com/wp-content/uploads/2025/03/81-2817266_Adams-County-Regional-Medical-Center_standardcharges-1.zip,2024-12-25,2.2.0,https://acrmc.com/price-transparency/,2026-09-09T01:50:05.529Z
361309,"HENRY COUNTY HOSPITAL, INC",OH,old-template-version,publisher-template-review,host returned pointer,entries retrieved,corroborated,response received,date-within-365-days-older-version,https://www.henrycountyhospital.org/cms-hpt.txt,https://www.henrycountyhospital.org/documents/344477047_henry-county-hospital_standardcharges.csv,2025-12-29,2.0.0,https://www.henrycountyhospital.org/,2026-09-09T01:50:06.549Z
360218,LICKING MEMORIAL HOSPITAL,OH,old-template-version,publisher-template-review,host returned pointer,entries retrieved,corroborated,response received,date-within-365-days-older-version,https://lmhealth.org/cms-hpt.txt,https://www.lmhealth.org/LMHealth.org/media/314379519_licking-memorial-hospital_standardcharges.zip,2026-03-16,2.0.0,https://www.lmhealth.org/Patients-Visitors/Before-You-Arrive/Patient-Pricing,2026-09-09T01:50:06.795Z
360029,WOOD COUNTY HOSPITAL,OH,mrf-stale-over-365-days,publisher-date-review,host returned pointer,entries retrieved,corroborated,response received,date-over-365-days,https://www.woodcountyhospital.org/cms-hpt.txt,https://www.woodcountyhospital.org/media/0x5fw0tn/344440884_wood-county_standardcharges.csv,2024-06-30,2.0.0,https://www.woodcountyhospital.org/patients-visitors/billing-and-insurance/services-pricing/,2026-09-09T01:50:07.315Z
361329,WYANDOT MEMORIAL HOSPITAL,OH,mrf-stale-over-365-days,publisher-date-review,host returned pointer,entries retrieved,corroborated,response received,date-over-365-days,https://wyandotmemorial.org/cms-hpt.txt,https://www.wyandotmemorial.org/wp-content/uploads/2025/04/WMH-MRF-PT-4.8-4-increased.csv,2024-12-31,2.0.0,https://www.wyandotmemorial.org/pricing/,2026-09-09T01:50:07.412Z
371320,CLEVELAND AREA HOSPITAL,OK,mrf-stale-over-365-days,publisher-date-review,host returned pointer,entries retrieved,corroborated,response received,date-over-365-days,https://f01f54e7-88bc-4da1-b172-3386a48f3183.usrfiles.com/ugd/f01f54_5b7c18cab1b84eb5b51ddd5342367a52.txt,https://www.clevelandareahospital.com/_files/ugd/f01f54_5b69ac08fe9841c9a70139a0ce50a4ca.csv?dn=263778478_cleveland-area-hospital_standardcharges.csv,2025-03-04,2.0.0,https://www.clevelandareahospital.com/hospital-pricing,2026-09-09T01:50:07.458Z
370008,NORMAN REGIONAL,OK,old-template-version,publisher-template-review,host returned pointer,entries retrieved,corroborated,response received,date-within-365-days-older-version,https://www.normanregional.com/cms-hpt.txt,https://www.normanregional.com/documents/736048282_norman-regional-health-system_standardcharges.csv,2026-01-01,2.2.0,https://www.normanregional.com/patients-visitors/price-transparency/,2026-09-09T01:50:07.625Z
370083,PUSHMATAHA HOSPITAL,OK,mrf-stale-over-365-days,publisher-date-review,host returned pointer,entries retrieved,corroborated,response received,date-over-365-days,https://pushmatahahospital.com/cms-hpt.txt,https://pushmatahahospital.com/images/docs/736069650_pushmataha-county---city-of-antlers-hospital-authority_standardcharges.csv,2024-10-03,2.0.0,https://pushmatahahospital.com/index.php/component/sppagebuilder/?view=page&id=74,2026-09-09T01:49:08.803Z
393304,CHILDREN'S HOME OF PITTSBURGH,PA,old-template-version,publisher-template-review,host returned pointer,entries retrieved,corroborated,response received,date-within-365-days-older-version,https://childrenshomepgh.org/cms-hpt.txt,https://www.childrenshomepgh.org/pricetransparency/250965292_the-children's-home-of-pittsburgh_standardcharges.csv,2025-11-21,2.0.0,https://www.childrenshomepgh.org/price-transparency/,2026-09-09T01:50:08.405Z
391303,FULTON COUNTY MEDICAL CENTER,PA,old-template-version,publisher-template-review,host returned pointer,entries retrieved,corroborated,response received,date-within-365-days-older-version,https://www.fcmcpa.org/cms-hpt.txt,https://www.fcmcpa.org/docs/231401561_fulton-county-medical-center_standardcharges.csv,2026-03-12,2.0.0,https://www.fcmcpa.org/getpage.php?name=Pricing_Transparency,2026-09-09T01:50:09.229Z
420030,COLLETON MEDICAL CENTER,SC,mrf-stale-over-365-days,publisher-date-review,host returned pointer,entries retrieved,corroborated,response received,date-over-365-days,https://colletonmedical.com/cms-hpt.txt,https://core.secure.ehc.com/src/util/json-detail-price-list/57-0712623_colleton-medical-center_standardcharges.json,2024-10-01,2.2.0,https://colletonmedical.com/about/legal/pricing-transparency-cms-required-file-of-standard-charges.dot,2026-09-09T01:50:21.176Z
430091,BLACK HILLS SURGICAL HOSPITAL LLC,SD,old-template-version,publisher-template-review,host returned pointer,entries retrieved,corroborated,response received,date-within-365-days-older-version,https://www.sanfordhealth.org/cms-hpt.txt,https://www.sanfordhealth.org/-/media/org/files/patients-and-visitors/billing-insurance/price-estimates/black-hills-surgical-hospital_standard-charges.csv,2026-01-30,2.0.0,https://www.sanfordhealth.org/patients-and-visitors/billing-and-insurance/price-estimates,2026-09-09T01:50:22.194Z
440111,METRO NASHVILLE GENERAL HOSPITAL,TN,mrf-stale-over-365-days,publisher-date-review,host returned pointer,entries retrieved,corroborated,response received,date-over-365-days,https://nashvillegeneral.org/cms-hpt.txt,https://nashvillegeneral-440111.s3.amazonaws.com/62-1383977_METRO-NASHVILLE-GENERAL-HOSPITAL_standardcharges.csv,2024-07-01,1.0.0,https://nashvillegeneral.org/patient-visitor-info/billing-insurance,2026-09-09T01:50:23.729Z
440152,REGIONAL ONE HEALTH,TN,mrf-stale-over-365-days,publisher-date-review,host returned pointer,entries retrieved,corroborated,response received,date-over-365-days,https://www.regionalonehealth.org/cms-hpt.txt,https://www.regionalonehealth.org/wp-content/uploads/2024/12/621113169_shelby-county-health-care_standardcharges.csv,2025-01-06,2.0.0,https://www.regionalonehealth.org/estimated-charges-for-services/,2026-09-09T01:50:23.899Z
670321,ADVANCED DALLAS HOSPITALS AND CLINICS,TX,mrf-stale-over-365-days,publisher-date-review,host returned pointer,entries retrieved,corroborated,response received,date-over-365-days,https://adhealthcare.com/cms-hpt.txt,https://hospitalpricetransparencyfiles.com/advanced-dallas-hospital-and-clinics/852671865_Advanced-Dallas-Hospital-and-Clinics-LLC_standardcharges.csv,2025-07-20,3.0.0,https://ezcost.info/advanceddallas,2026-09-09T01:50:32.575Z
670336,BANDERA FAMILY HOSPITAL,TX,mrf-stale-over-365-days,publisher-date-review,host returned pointer,entries retrieved,corroborated,response received,date-over-365-days,https://fhsmc.com/price-transparency/cms-hpt-txt/?tmstv=1773081269,https://fhsmc.com/price-transparency/920323729_bandera-family-hospital_standardcharges.csv,2025-08-29,2.0.0,https://fhsmc.com/price-transparency/,2026-09-09T01:50:33.132Z
453301,DRISCOLL CHILDRENS HOSPITAL,TX,old-template-version,publisher-template-review,host returned pointer,entries retrieved,corroborated,response received,date-within-365-days-older-version,https://driscollchildrens.org/cms-hpt.txt,https://driscollchildrens.org/wp-content/uploads/742577746-1548286172_Driscoll-Childrens-Hospital_standardcharges.csv,2025-10-06,2.0.0,https://driscollchildrens.org/patients/resources/price-transparency/,2026-09-09T01:50:43.266Z
454129,GEORGETOWN BEHAVIORAL HEALTH INSTITUTE,TX,mrf-stale-over-365-days,publisher-date-review,host returned pointer,entries retrieved,corroborated,response received,date-over-365-days,https://auroraarizona.com/cms-hpt.txt,https://www.georgetownbehavioral.com/sites/default/files/462465087_Georgetown%20Behavioral%20Insitute_Standardcharges.csv,2024-10-16,2.0.0,https://www.georgetownbehavioral.com/standard-services,2026-09-09T01:50:43.442Z
450518,THE MEDICAL CENTER OF SOUTHEAST TEXAS,TX,mrf-stale-over-365-days,publisher-date-review,host returned pointer,entries retrieved,corroborated,response received,date-over-365-days,https://medicalcentersetexas.org/cms-hpt.txt,https://medicalcentersetexas.org/pricetransparency/994785659_MedicalCenterSETexas_standardcharges.csv,2024-12-26,2.0.0,https://medicalcentersetexas.org/price-transparency,2026-09-09T01:51:07.985Z
450010,UNITED REGIONAL HEALTH CARE SYSTEM,TX,old-template-version,publisher-template-review,host returned pointer,entries retrieved,corroborated,response received,date-within-365-days-older-version,https://unitedregional.org/getContentAsset/87726b46-3db7-42d1-b3d7-11de88ed5834/c204d644-0ccb-43d4-a505-69664b0a9bc3/cms-hpt.txt?language=en,https://unitedregional.org/getContentAsset/a128db8c-8ea3-461b-9531-3197f7c0b635/c204d644-0ccb-43d4-a505-69664b0a9bc3/751912147-united-regional-healthcare-system-standardcharges-in.csv?language=en,2025-11-15,2.0.0,https://unitedregional.org/patients-and-visitors/price-transparency,2026-09-09T01:51:08.178Z
490022,MARY WASHINGTON HOSPITAL,VA,mrf-stale-over-365-days,publisher-date-review,host returned pointer,entries retrieved,corroborated,response received,date-over-365-days,https://www.marywashingtonhealthcare.com/cms-hpt.txt,https://www.marywashingtonhealthcare.com/documents/540519577_mary-washington-hospital_standardcharges.csv,2024-12-30,2.0.0,https://www.marywashingtonhealthcare.com/patients-visitors/cost-estimates/,2026-09-09T01:51:12.724Z
490140,"STAFFORD HOSPITAL, LLC",VA,mrf-stale-over-365-days,publisher-date-review,host returned pointer,entries retrieved,corroborated,response received,date-over-365-days,https://www.marywashingtonhealthcare.com/cms-hpt.txt,https://www.marywashingtonhealthcare.com/documents/134316364_stafford-hospital_standardcharges.csv,2024-12-30,2.0.0,https://www.marywashingtonhealthcare.com/patients-visitors/cost-estimates/,2026-09-09T01:51:12.928Z
501312,PROSSER MEMORIAL HOSPITAL,WA,mrf-stale-over-365-days,publisher-date-review,host returned pointer,entries retrieved,corroborated,response received,date-over-365-days,https://www.prosserhealth.org/cms-hpt.txt,https://res.cloudinary.com/dpmykpsih/raw/upload/prosser-health-site-416/media/r/98285db682424129bd554acc0db84c2a/91-6013490_prosser-memorial-health-hospital_standardcharges.csv,2025-01-01,2.0.0,https://www.prosserhealth.org/patients-and-visitors/financial-services/pricing-transparency/,2026-09-09T01:51:14.084Z
520041,ASPIRUS DIVINE SAVIOR HOSPITAL,WI,mrf-stale-over-365-days,publisher-date-review,host returned pointer,entries retrieved,corroborated,response received,date-over-365-days,https://www.aspirus.org/cms-hpt.txt,https://www.aspirus.org/Uploads/Public/Documents/PriceEstimate/TransparencyFY26/390806250_aspirus-divine-savior-hospital_standardcharges.json,2025-07-01,2.2.0,https://www.aspirus.org/price-estimate,2026-09-09T01:51:14.215Z
521300,ASPIRUS EAGLE RIVER HOSPITAL,WI,mrf-stale-over-365-days,publisher-date-review,host returned pointer,entries retrieved,corroborated,response received,date-over-365-days,https://www.aspirus.org/cms-hpt.txt,https://www.aspirus.org/Uploads/Public/Documents/PriceEstimate/TransparencyFY26/390985690_aspirus-eagle-river-hospital_standardcharges.json,2025-07-01,2.2.0,https://www.aspirus.org/price-estimate,2026-09-09T01:51:14.413Z
521339,ASPIRUS MERRILL HOSPITAL,WI,mrf-stale-over-365-days,publisher-date-review,host returned pointer,entries retrieved,corroborated,response received,date-over-365-days,https://www.aspirus.org/cms-hpt.txt,https://www.aspirus.org/Uploads/Public/Documents/PriceEstimate/TransparencyFY26/390808503_aspirus-merrill-hospital_standardcharges.json,2025-07-01,2.2.0,https://www.aspirus.org/price-estimate,2026-09-09T01:51:14.604Z
521331,BURNETT MEDICAL CENTER,WI,mrf-stale-over-365-days,publisher-date-review,host returned pointer,entries retrieved,corroborated,response received,date-over-365-days,https://www.burnettmedicalcenter.com/cms-hpt.txt,https://www.burnettmedicalcenter.com/wp-content/uploads/2025/03/390938661_BurnettMedicalCenter_standardcharges.csv,2024-07-01,2.0.0,https://www.burnettmedicalcenter.com/patients-visitors/price-transparency/,2026-09-09T01:51:14.710Z
520091,HOWARD YOUNG MEDICAL CENTER,WI,mrf-stale-over-365-days,publisher-date-review,host returned pointer,entries retrieved,corroborated,response received,date-over-365-days,https://www.aspirus.org/cms-hpt.txt,https://www.aspirus.org/Uploads/Public/Documents/PriceEstimate/TransparencyFY26/390873606_howard-young-medical-center_standardcharges.json,2025-07-01,2.2.0,https://www.aspirus.org/price-estimate,2026-09-09T01:51:59.618Z
