hospital_name,last_updated_on,version,location_name,hospital_address,license_number | AR,type_2_npi,attester_name,"To the best of its knowledge and belief, this hospital has included all applicable standard charge information in accordance with the requirements of 45 CFR 180.50, and the information encoded is true, accurate, and complete as of the date in the file. This hospital has included all payer-specific negotiated charges in dollars that can be expressed as a dollar amount. For payer-specific negotiated charges that cannot be expressed as a dollar amount in the machine-readable file or not knowable in advance, the hospital attests that the payer-specific negotiated charge is based on a contractual algorithm, percentage or formula that precludes the provision of a dollar amount and has provided all necessary information available to the hospital for the public to be able to derive the dollar amount, including, but not limited to, the specific fee schedule or components referenced in such percentage, algorithm or formula."
"The Bridgeway
",2026-05-12,3.0.0,"The Bridgeway
","21 BRIDGEWAY ROAD, NORTH LITTLE ROCK, AR 72113",5164,1962473306,"Uhiren, Wendy",true
description,code|1,code|1|type,setting,drug_unit_of_measurement,drug_type_of_measurement,standard_charge|gross,standard_charge|discounted_cash,payer_name,plan_name,modifiers,standard_charge|negotiated_dollar,standard_charge|negotiated_percentage,standard_charge|negotiated_algorithm,median_amount,10th_percentile,90th_percentile,count,standard_charge|min,standard_charge|max,standard_charge|methodology,additional_generic_notes
Inpatient - ALL,124,RC,Inpatient,,,2200.00,2200.00,BLUE MANAGED MEDICARE,BLUE MANAGED MEDICARE,,962.470,,,,,,,962.470,962.470,Per diem,
Inpatient - Detox,126,RC,Inpatient,,,2200.00,2200.00,AETNA,AETNA,,849.000,,,,,,,820.170,1009.000,Per diem,
Inpatient - Detox,126,RC,Inpatient,,,2200.00,2200.00,ALLWELL,ALLWELL,,918.160,,,,,,,820.170,1009.000,Per diem,
Inpatient - Detox,126,RC,Inpatient,,,2200.00,2200.00,AMBETTER OF ARKANSAS,AMBETTER OF ARKANSAS,,925.140,,,,,,,820.170,1009.000,Per diem,
Inpatient - Detox,126,RC,Inpatient,,,2200.00,2200.00,BLUE CROSS BLUE SHIELD,BLUE CROSS BLUE SHIELD,,820.170,,,,,,,820.170,1009.000,Per diem,
Inpatient - Detox,126,RC,Inpatient,,,2200.00,2200.00,BLUE CROSS BLUE SHIELD AR,BLUE CROSS BLUE SHIELD AR,,925.000,,,,,,,820.170,1009.000,Per diem,
Inpatient - Detox,126,RC,Inpatient,,,2200.00,2200.00,CIGNA BEHAVIORAL HEALTH,CIGNA BEHAVIORAL HEALTH,,933.000,,,,,,,820.170,1009.000,Per diem,
Inpatient - Detox,126,RC,Inpatient,,,2200.00,2200.00,QUAL CHOCIE PO,QUAL CHOCIE PO,,1009.000,,,,,,,820.170,1009.000,Per diem,
Inpatient - Detox,126,RC,Inpatient,,,2200.00,2200.00,QUAL CHOICE,QUAL CHOICE,,907.000,,,,,,,820.170,1009.000,Per diem,
Inpatient - Detox,126,RC,Inpatient,,,2200.00,2200.00,UBH,UBH,,991.000,,,,,,,820.170,1009.000,Per diem,
Inpatient - Detox,126,RC,Inpatient,,,2200.00,2200.00,AETNA,AETNA,,849.000,,,,,,,820.170,1009.000,Per diem,
Inpatient - Detox,126,RC,Inpatient,,,2200.00,2200.00,ALLWELL,ALLWELL,,918.160,,,,,,,820.170,1009.000,Per diem,
Inpatient - Detox,126,RC,Inpatient,,,2200.00,2200.00,AMBETTER OF ARKANSAS,AMBETTER OF ARKANSAS,,925.140,,,,,,,820.170,1009.000,Per diem,
Inpatient - Detox,126,RC,Inpatient,,,2200.00,2200.00,BLUE CROSS BLUE SHIELD,BLUE CROSS BLUE SHIELD,,820.170,,,,,,,820.170,1009.000,Per diem,
Inpatient - Detox,126,RC,Inpatient,,,2200.00,2200.00,BLUE CROSS BLUE SHIELD AR,BLUE CROSS BLUE SHIELD AR,,925.000,,,,,,,820.170,1009.000,Per diem,
Inpatient - Detox,126,RC,Inpatient,,,2200.00,2200.00,CIGNA BEHAVIORAL HEALTH,CIGNA BEHAVIORAL HEALTH,,933.000,,,,,,,820.170,1009.000,Per diem,
Inpatient - Detox,126,RC,Inpatient,,,2200.00,2200.00,QUAL CHOCIE PO,QUAL CHOCIE PO,,1009.000,,,,,,,820.170,1009.000,Per diem,
Inpatient - Detox,126,RC,Inpatient,,,2200.00,2200.00,QUAL CHOICE,QUAL CHOICE,,907.000,,,,,,,820.170,1009.000,Per diem,
Inpatient - Detox,126,RC,Inpatient,,,2200.00,2200.00,UBH,UBH,,991.000,,,,,,,820.170,1009.000,Per diem,
Inpatient - ECT,901,RC,Inpatient,,,759.65,759.65,AETNA,AETNA,,669.500,,,,,,,286.000,925.000,Per diem,
Inpatient - ECT,901,RC,Inpatient,,,759.65,759.65,ALLWELL,ALLWELL,,300.000,,,,,,,286.000,925.000,Per diem,
Inpatient - ECT,901,RC,Inpatient,,,759.65,759.65,AMBETTER OF ARKANSAS,AMBETTER OF ARKANSAS,,306.000,,,,,,,286.000,925.000,Per diem,
Inpatient - ECT,901,RC,Inpatient,,,759.65,759.65,BCBS AR PO,BCBS AR PO,,300.000,,,,,,,286.000,925.000,Per diem,
Inpatient - ECT,901,RC,Inpatient,,,759.65,759.65,BLUE ADVANTAGE US ABLE,BLUE ADVANTAGE US ABLE,,300.000,,,,,,,286.000,925.000,Per diem,
Inpatient - ECT,901,RC,Inpatient,,,759.65,759.65,BLUE CROSS BLUE SHIELD AR,BLUE CROSS BLUE SHIELD AR,,300.000,,,,,,,286.000,925.000,Per diem,
Inpatient - ECT,901,RC,Inpatient,,,759.65,759.65,BLUE CROSS FEDERAL,BLUE CROSS FEDERAL,,925.000,,,,,,,286.000,925.000,Per diem,
Inpatient - ECT,901,RC,Inpatient,,,759.65,759.65,HEALTH ADVANTAGE,HEALTH ADVANTAGE,,286.000,,,,,,,286.000,925.000,Per diem,
Inpatient - ECT,901,RC,Inpatient,,,759.65,759.65,OPTUM HEALTH,OPTUM HEALTH,,663.000,,,,,,,286.000,925.000,Per diem,
Inpatient - ECT,901,RC,Inpatient,,,759.65,759.65,QUAL CHOCIE PO,QUAL CHOCIE PO,,375.000,,,,,,,286.000,925.000,Per diem,
Inpatient - ECT,901,RC,Inpatient,,,759.65,759.65,QUAL CHOICE,QUAL CHOICE,,330.000,,,,,,,286.000,925.000,Per diem,
Inpatient - ECT,901,RC,Inpatient,,,759.65,759.65,UBH,UBH,,663.000,,,,,,,286.000,925.000,Per diem,
Inpatient - ECT,901,RC,Inpatient,,,759.65,759.65,UHC,UHC,,663.000,,,,,,,286.000,925.000,Per diem,
Inpatient - ECT,901,RC,Inpatient,,,759.65,759.65,UMR,UMR,,663.000,,,,,,,286.000,925.000,Per diem,
Inpatient - Psych,124,RC,Inpatient,,,2200.00,2200.00,UHC MANAGED MEDICARE,UHC MANAGED MEDICARE,,962.470,,,,,,,740.000,3063.000,Per diem,
Inpatient - Psych,124,RC,Inpatient,,,2200.00,2200.00,UHC MANAGED MEDICARE,UHC MANAGED MEDICARE,,962.470,,,,,,,740.000,3063.000,Per diem,
Inpatient - Psych,124,RC,Inpatient,,,2200.00,2200.00,UHC MANAGED MEDICARE,UHC MANAGED MEDICARE,,962.470,,,,,,,740.000,3063.000,Per diem,
Inpatient - Psych,124,RC,Inpatient,,,2200.00,2200.00,SECURE HORIZONS,SECURE HORIZONS,,962.470,,,,,,,740.000,3063.000,Per diem,
Inpatient - Psych,124,RC,Inpatient,,,2200.00,2200.00,TODAYS OPTIONS,TODAYS OPTIONS,,962.470,,,,,,,740.000,3063.000,Per diem,
Inpatient - Psych,124,RC,Inpatient,,,2200.00,2200.00,UHC MANAGED MEDICARE,UHC MANAGED MEDICARE,,962.470,,,,,,,740.000,3063.000,Per diem,
Inpatient - Psych,124,RC,Inpatient,,,2200.00,2200.00,WELLCARE MEDIACRE EXTRA,WELLCARE MEDIACRE EXTRA,,962.470,,,,,,,740.000,3063.000,Per diem,
Inpatient - Psych,124,RC,Inpatient,,,2200.00,2200.00,SECURE HORIZONS,SECURE HORIZONS,,962.470,,,,,,,740.000,3063.000,Per diem,
Inpatient - Psych,124,RC,Inpatient,,,2200.00,2200.00,TODAYS OPTIONS,TODAYS OPTIONS,,962.470,,,,,,,740.000,3063.000,Per diem,
Inpatient - Psych,124,RC,Inpatient,,,2200.00,2200.00,UHC MANAGED MEDICARE,UHC MANAGED MEDICARE,,962.470,,,,,,,740.000,3063.000,Per diem,
Inpatient - Psych,124,RC,Inpatient,,,2200.00,2200.00,WELLCARE MEDIACRE EXTRA,WELLCARE MEDIACRE EXTRA,,962.470,,,,,,,740.000,3063.000,Per diem,
Inpatient - Psych,124,RC,Inpatient,,,2200.00,2200.00,SECURE HORIZONS,SECURE HORIZONS,,962.470,,,,,,,740.000,3063.000,Per diem,
Inpatient - Psych,124,RC,Inpatient,,,2200.00,2200.00,TODAYS OPTIONS,TODAYS OPTIONS,,962.470,,,,,,,740.000,3063.000,Per diem,
Inpatient - Psych,124,RC,Inpatient,,,2200.00,2200.00,UHC MANAGED MEDICARE,UHC MANAGED MEDICARE,,962.470,,,,,,,740.000,3063.000,Per diem,
Inpatient - Psych,124,RC,Inpatient,,,2200.00,2200.00,WELLCARE MEDIACRE EXTRA,WELLCARE MEDIACRE EXTRA,,962.470,,,,,,,740.000,3063.000,Per diem,
Inpatient - Psych,124,RC,Inpatient,,,2200.00,2200.00,UHC MANAGED MEDICARE,UHC MANAGED MEDICARE,,962.470,,,,,,,740.000,3063.000,Per diem,
Inpatient - Psych,124,RC,Inpatient,,,2200.00,2200.00,UHC MANAGED MEDICARE,UHC MANAGED MEDICARE,,962.470,,,,,,,740.000,3063.000,Per diem,
Inpatient - Psych,124,RC,Inpatient,,,2200.00,2200.00,UHC MANAGED MEDICARE,UHC MANAGED MEDICARE,,962.470,,,,,,,740.000,3063.000,Per diem,
Inpatient - Psych,124,RC,Inpatient,,,2200.00,2200.00,ARKANSAS TOTAL CARE,ARKANSAS TOTAL CARE,,3063.000,,,,,,,740.000,3063.000,Case rate,
Inpatient - Psych,124,RC,Inpatient,,,2200.00,2200.00,CARESOURCE,CARESOURCE,,3063.000,,,,,,,740.000,3063.000,Case rate,
Inpatient - Psych,124,RC,Inpatient,,,2200.00,2200.00,EMPOWER O/21 HEATHCARE SOLUTIO,EMPOWER O/21 HEATHCARE SOLUTIO,,3063.000,,,,,,,740.000,3063.000,Case rate,
Inpatient - Psych,124,RC,Inpatient,,,2200.00,2200.00,EMPOWER U/21 HEALTHCARE SOLUTI,EMPOWER U/21 HEALTHCARE SOLUTI,,3063.000,,,,,,,740.000,3063.000,Case rate,
Inpatient - Psych,124,RC,Inpatient,,,2200.00,2200.00,SUMMIT COMMUNITY CARE,SUMMIT COMMUNITY CARE,,3063.000,,,,,,,740.000,3063.000,Case rate,
Inpatient - Psych,124,RC,Inpatient,,,2200.00,2200.00,ARKANSAS TOTAL CARE,ARKANSAS TOTAL CARE,,3063.000,,,,,,,740.000,3063.000,Case rate,
Inpatient - Psych,124,RC,Inpatient,,,2200.00,2200.00,CARESOURCE,CARESOURCE,,3063.000,,,,,,,740.000,3063.000,Case rate,
Inpatient - Psych,124,RC,Inpatient,,,2200.00,2200.00,EMPOWER O/21 HEATHCARE SOLUTIO,EMPOWER O/21 HEATHCARE SOLUTIO,,3063.000,,,,,,,740.000,3063.000,Case rate,
Inpatient - Psych,124,RC,Inpatient,,,2200.00,2200.00,EMPOWER U/21 HEALTHCARE SOLUTI,EMPOWER U/21 HEALTHCARE SOLUTI,,3063.000,,,,,,,740.000,3063.000,Case rate,
Inpatient - Psych,124,RC,Inpatient,,,2200.00,2200.00,SUMMIT COMMUNITY CARE,SUMMIT COMMUNITY CARE,,3063.000,,,,,,,740.000,3063.000,Case rate,
Inpatient - Psych,124,RC,Inpatient,,,2200.00,2200.00,ARKANSAS TOTAL CARE,ARKANSAS TOTAL CARE,,3063.000,,,,,,,740.000,3063.000,Case rate,
Inpatient - Psych,124,RC,Inpatient,,,2200.00,2200.00,CARESOURCE,CARESOURCE,,3063.000,,,,,,,740.000,3063.000,Case rate,
Inpatient - Psych,124,RC,Inpatient,,,2200.00,2200.00,EMPOWER O/21 HEATHCARE SOLUTIO,EMPOWER O/21 HEATHCARE SOLUTIO,,3063.000,,,,,,,740.000,3063.000,Case rate,
Inpatient - Psych,124,RC,Inpatient,,,2200.00,2200.00,EMPOWER U/21 HEALTHCARE SOLUTI,EMPOWER U/21 HEALTHCARE SOLUTI,,3063.000,,,,,,,740.000,3063.000,Case rate,
Inpatient - Psych,124,RC,Inpatient,,,2200.00,2200.00,SUMMIT COMMUNITY CARE,SUMMIT COMMUNITY CARE,,3063.000,,,,,,,740.000,3063.000,Case rate,
Inpatient - Psych,124,RC,Inpatient,,,2200.00,2200.00,ARKANSAS TOTAL CARE,ARKANSAS TOTAL CARE,,883.000,,,,,,,740.000,3063.000,Per diem,
Inpatient - Psych,124,RC,Inpatient,,,2200.00,2200.00,CARESOURCE,CARESOURCE,,883.000,,,,,,,740.000,3063.000,Per diem,
Inpatient - Psych,124,RC,Inpatient,,,2200.00,2200.00,EMPOWER O/21 HEATHCARE SOLUTIO,EMPOWER O/21 HEATHCARE SOLUTIO,,883.000,,,,,,,740.000,3063.000,Per diem,
Inpatient - Psych,124,RC,Inpatient,,,2200.00,2200.00,EMPOWER U/21 HEALTHCARE SOLUTI,EMPOWER U/21 HEALTHCARE SOLUTI,,883.000,,,,,,,740.000,3063.000,Per diem,
Inpatient - Psych,124,RC,Inpatient,,,2200.00,2200.00,SUMMIT COMMUNITY CARE,SUMMIT COMMUNITY CARE,,883.000,,,,,,,740.000,3063.000,Per diem,
Inpatient - Psych,124,RC,Inpatient,,,2200.00,2200.00,VALUE OPTION,VALUE OPTION,,957.000,,,,,,,740.000,3063.000,Per diem,
Inpatient - Psych,124,RC,Inpatient,,,2200.00,2200.00,ARKANSAS TOTAL CARE,ARKANSAS TOTAL CARE,,883.000,,,,,,,740.000,3063.000,Per diem,
Inpatient - Psych,124,RC,Inpatient,,,2200.00,2200.00,CARESOURCE,CARESOURCE,,883.000,,,,,,,740.000,3063.000,Per diem,
Inpatient - Psych,124,RC,Inpatient,,,2200.00,2200.00,EMPOWER O/21 HEATHCARE SOLUTIO,EMPOWER O/21 HEATHCARE SOLUTIO,,883.000,,,,,,,740.000,3063.000,Per diem,
Inpatient - Psych,124,RC,Inpatient,,,2200.00,2200.00,EMPOWER U/21 HEALTHCARE SOLUTI,EMPOWER U/21 HEALTHCARE SOLUTI,,883.000,,,,,,,740.000,3063.000,Per diem,
Inpatient - Psych,124,RC,Inpatient,,,2200.00,2200.00,SUMMIT COMMUNITY CARE,SUMMIT COMMUNITY CARE,,883.000,,,,,,,740.000,3063.000,Per diem,
Inpatient - Psych,124,RC,Inpatient,,,2200.00,2200.00,VALUE OPTION,VALUE OPTION,,957.000,,,,,,,740.000,3063.000,Per diem,
Inpatient - Psych,124,RC,Inpatient,,,2200.00,2200.00,ARKANSAS TOTAL CARE,ARKANSAS TOTAL CARE,,883.000,,,,,,,740.000,3063.000,Per diem,
Inpatient - Psych,124,RC,Inpatient,,,2200.00,2200.00,CARESOURCE,CARESOURCE,,883.000,,,,,,,740.000,3063.000,Per diem,
Inpatient - Psych,124,RC,Inpatient,,,2200.00,2200.00,EMPOWER O/21 HEATHCARE SOLUTIO,EMPOWER O/21 HEATHCARE SOLUTIO,,883.000,,,,,,,740.000,3063.000,Per diem,
Inpatient - Psych,124,RC,Inpatient,,,2200.00,2200.00,EMPOWER U/21 HEALTHCARE SOLUTI,EMPOWER U/21 HEALTHCARE SOLUTI,,883.000,,,,,,,740.000,3063.000,Per diem,
Inpatient - Psych,124,RC,Inpatient,,,2200.00,2200.00,SUMMIT COMMUNITY CARE,SUMMIT COMMUNITY CARE,,883.000,,,,,,,740.000,3063.000,Per diem,
Inpatient - Psych,124,RC,Inpatient,,,2200.00,2200.00,VALUE OPTION,VALUE OPTION,,957.000,,,,,,,740.000,3063.000,Per diem,
Inpatient - Psych,124,RC,Inpatient,,,2200.00,2200.00,ARKANSAS TOTAL CARE,ARKANSAS TOTAL CARE,,883.000,,,,,,,740.000,3063.000,Per diem,
Inpatient - Psych,124,RC,Inpatient,,,2200.00,2200.00,CARESOURCE,CARESOURCE,,883.000,,,,,,,740.000,3063.000,Per diem,
Inpatient - Psych,124,RC,Inpatient,,,2200.00,2200.00,EMPOWER O/21 HEATHCARE SOLUTIO,EMPOWER O/21 HEATHCARE SOLUTIO,,883.000,,,,,,,740.000,3063.000,Per diem,
Inpatient - Psych,124,RC,Inpatient,,,2200.00,2200.00,EMPOWER U/21 HEALTHCARE SOLUTI,EMPOWER U/21 HEALTHCARE SOLUTI,,883.000,,,,,,,740.000,3063.000,Per diem,
Inpatient - Psych,124,RC,Inpatient,,,2200.00,2200.00,HUMANA,HUMANA,,740.000,,,,,,,740.000,3063.000,Per diem,
Inpatient - Psych,124,RC,Inpatient,,,2200.00,2200.00,SUMMIT COMMUNITY CARE,SUMMIT COMMUNITY CARE,,883.000,,,,,,,740.000,3063.000,Per diem,
Inpatient - Psych,124,RC,Inpatient,,,2200.00,2200.00,ARKANSAS TOTAL CARE,ARKANSAS TOTAL CARE,,883.000,,,,,,,740.000,3063.000,Per diem,
Inpatient - Psych,124,RC,Inpatient,,,2200.00,2200.00,CARESOURCE,CARESOURCE,,883.000,,,,,,,740.000,3063.000,Per diem,
Inpatient - Psych,124,RC,Inpatient,,,2200.00,2200.00,EMPOWER O/21 HEATHCARE SOLUTIO,EMPOWER O/21 HEATHCARE SOLUTIO,,883.000,,,,,,,740.000,3063.000,Per diem,
Inpatient - Psych,124,RC,Inpatient,,,2200.00,2200.00,EMPOWER U/21 HEALTHCARE SOLUTI,EMPOWER U/21 HEALTHCARE SOLUTI,,883.000,,,,,,,740.000,3063.000,Per diem,
Inpatient - Psych,124,RC,Inpatient,,,2200.00,2200.00,HUMANA,HUMANA,,740.000,,,,,,,740.000,3063.000,Per diem,
Inpatient - Psych,124,RC,Inpatient,,,2200.00,2200.00,SUMMIT COMMUNITY CARE,SUMMIT COMMUNITY CARE,,883.000,,,,,,,740.000,3063.000,Per diem,
Inpatient - Psych,124,RC,Inpatient,,,2200.00,2200.00,ARKANSAS TOTAL CARE,ARKANSAS TOTAL CARE,,883.000,,,,,,,740.000,3063.000,Per diem,
Inpatient - Psych,124,RC,Inpatient,,,2200.00,2200.00,CARESOURCE,CARESOURCE,,883.000,,,,,,,740.000,3063.000,Per diem,
Inpatient - Psych,124,RC,Inpatient,,,2200.00,2200.00,EMPOWER O/21 HEATHCARE SOLUTIO,EMPOWER O/21 HEATHCARE SOLUTIO,,883.000,,,,,,,740.000,3063.000,Per diem,
Inpatient - Psych,124,RC,Inpatient,,,2200.00,2200.00,EMPOWER U/21 HEALTHCARE SOLUTI,EMPOWER U/21 HEALTHCARE SOLUTI,,883.000,,,,,,,740.000,3063.000,Per diem,
Inpatient - Psych,124,RC,Inpatient,,,2200.00,2200.00,HUMANA,HUMANA,,740.000,,,,,,,740.000,3063.000,Per diem,
Inpatient - Psych,124,RC,Inpatient,,,2200.00,2200.00,SUMMIT COMMUNITY CARE,SUMMIT COMMUNITY CARE,,883.000,,,,,,,740.000,3063.000,Per diem,
Inpatient - Psych,124,RC,Inpatient,,,2200.00,2200.00,ACTIVE DUTY TRICARE EAST,ACTIVE DUTY TRICARE EAST,,1207.800,,,,,,,740.000,3063.000,Per diem,
Inpatient - Psych,124,RC,Inpatient,,,2200.00,2200.00,AETNA,AETNA,,849.000,,,,,,,740.000,3063.000,Per diem,
Inpatient - Psych,124,RC,Inpatient,,,2200.00,2200.00,ALLWELL,ALLWELL,,918.160,,,,,,,740.000,3063.000,Per diem,
Inpatient - Psych,124,RC,Inpatient,,,2200.00,2200.00,AMBETTER OF ARKANSAS,AMBETTER OF ARKANSAS,,950.000,,,,,,,740.000,3063.000,Per diem,
Inpatient - Psych,124,RC,Inpatient,,,2200.00,2200.00,BCBS AR PO,BCBS AR PO,,950.000,,,,,,,740.000,3063.000,Per diem,
Inpatient - Psych,124,RC,Inpatient,,,2200.00,2200.00,BLUE ADVANTAGE US ABLE,BLUE ADVANTAGE US ABLE,,925.000,,,,,,,740.000,3063.000,Per diem,
Inpatient - Psych,124,RC,Inpatient,,,2200.00,2200.00,BLUE CROSS BLUE SHIELD,BLUE CROSS BLUE SHIELD,,820.170,,,,,,,740.000,3063.000,Per diem,
Inpatient - Psych,124,RC,Inpatient,,,2200.00,2200.00,BLUE CROSS BLUE SHIELD AR,BLUE CROSS BLUE SHIELD AR,,925.000,,,,,,,740.000,3063.000,Per diem,
Inpatient - Psych,124,RC,Inpatient,,,2200.00,2200.00,BLUE CROSS FEDERAL,BLUE CROSS FEDERAL,,925.000,,,,,,,740.000,3063.000,Per diem,
Inpatient - Psych,124,RC,Inpatient,,,2200.00,2200.00,CHAMPVA,CHAMPVA,,1480.000,,,,,,,740.000,3063.000,Per diem,
Inpatient - Psych,124,RC,Inpatient,,,2200.00,2200.00,CIGNA BEHAVIORAL HEALTH,CIGNA BEHAVIORAL HEALTH,,933.000,,,,,,,740.000,3063.000,Per diem,
Inpatient - Psych,124,RC,Inpatient,,,2200.00,2200.00,HEALTH ADVANTAGE,HEALTH ADVANTAGE,,925.000,,,,,,,740.000,3063.000,Per diem,
Inpatient - Psych,124,RC,Inpatient,,,2200.00,2200.00,OPTUM HEALTH,OPTUM HEALTH,,991.000,,,,,,,740.000,3063.000,Per diem,
Inpatient - Psych,124,RC,Inpatient,,,2200.00,2200.00,QUAL CHOCIE PO,QUAL CHOCIE PO,,1009.000,,,,,,,740.000,3063.000,Per diem,
Inpatient - Psych,124,RC,Inpatient,,,2200.00,2200.00,QUAL CHOICE,QUAL CHOICE,,888.000,,,,,,,740.000,3063.000,Per diem,
Inpatient - Psych,124,RC,Inpatient,,,2200.00,2200.00,TRICARE EAST,TRICARE EAST,,1247.400,,,,,,,740.000,3063.000,Per diem,
Inpatient - Psych,124,RC,Inpatient,,,2200.00,2200.00,TRICARE WEST HN,TRICARE WEST HN,,1480.000,,,,,,,740.000,3063.000,Per diem,
Inpatient - Psych,124,RC,Inpatient,,,2200.00,2200.00,UBH,UBH,,991.000,,,,,,,740.000,3063.000,Per diem,
Inpatient - Psych,124,RC,Inpatient,,,2200.00,2200.00,UHC,UHC,,991.000,,,,,,,740.000,3063.000,Per diem,
Inpatient - Psych,124,RC,Inpatient,,,2200.00,2200.00,UMR,UMR,,991.000,,,,,,,740.000,3063.000,Per diem,
Inpatient - Psych,124,RC,Inpatient,,,2200.00,2200.00,ACTIVE DUTY TRICARE EAST,ACTIVE DUTY TRICARE EAST,,1207.800,,,,,,,740.000,3063.000,Per diem,
Inpatient - Psych,124,RC,Inpatient,,,2200.00,2200.00,AETNA,AETNA,,849.000,,,,,,,740.000,3063.000,Per diem,
Inpatient - Psych,124,RC,Inpatient,,,2200.00,2200.00,ALLWELL,ALLWELL,,918.160,,,,,,,740.000,3063.000,Per diem,
Inpatient - Psych,124,RC,Inpatient,,,2200.00,2200.00,AMBETTER OF ARKANSAS,AMBETTER OF ARKANSAS,,950.000,,,,,,,740.000,3063.000,Per diem,
Inpatient - Psych,124,RC,Inpatient,,,2200.00,2200.00,BCBS AR PO,BCBS AR PO,,950.000,,,,,,,740.000,3063.000,Per diem,
Inpatient - Psych,124,RC,Inpatient,,,2200.00,2200.00,BLUE ADVANTAGE US ABLE,BLUE ADVANTAGE US ABLE,,925.000,,,,,,,740.000,3063.000,Per diem,
Inpatient - Psych,124,RC,Inpatient,,,2200.00,2200.00,BLUE CROSS BLUE SHIELD,BLUE CROSS BLUE SHIELD,,820.170,,,,,,,740.000,3063.000,Per diem,
Inpatient - Psych,124,RC,Inpatient,,,2200.00,2200.00,BLUE CROSS BLUE SHIELD AR,BLUE CROSS BLUE SHIELD AR,,925.000,,,,,,,740.000,3063.000,Per diem,
Inpatient - Psych,124,RC,Inpatient,,,2200.00,2200.00,BLUE CROSS FEDERAL,BLUE CROSS FEDERAL,,925.000,,,,,,,740.000,3063.000,Per diem,
Inpatient - Psych,124,RC,Inpatient,,,2200.00,2200.00,CHAMPVA,CHAMPVA,,1480.000,,,,,,,740.000,3063.000,Per diem,
Inpatient - Psych,124,RC,Inpatient,,,2200.00,2200.00,CIGNA BEHAVIORAL HEALTH,CIGNA BEHAVIORAL HEALTH,,933.000,,,,,,,740.000,3063.000,Per diem,
Inpatient - Psych,124,RC,Inpatient,,,2200.00,2200.00,HEALTH ADVANTAGE,HEALTH ADVANTAGE,,925.000,,,,,,,740.000,3063.000,Per diem,
Inpatient - Psych,124,RC,Inpatient,,,2200.00,2200.00,OPTUM HEALTH,OPTUM HEALTH,,991.000,,,,,,,740.000,3063.000,Per diem,
Inpatient - Psych,124,RC,Inpatient,,,2200.00,2200.00,QUAL CHOCIE PO,QUAL CHOCIE PO,,1009.000,,,,,,,740.000,3063.000,Per diem,
Inpatient - Psych,124,RC,Inpatient,,,2200.00,2200.00,QUAL CHOICE,QUAL CHOICE,,888.000,,,,,,,740.000,3063.000,Per diem,
Inpatient - Psych,124,RC,Inpatient,,,2200.00,2200.00,TRICARE EAST,TRICARE EAST,,1247.400,,,,,,,740.000,3063.000,Per diem,
Inpatient - Psych,124,RC,Inpatient,,,2200.00,2200.00,TRICARE WEST HN,TRICARE WEST HN,,1480.000,,,,,,,740.000,3063.000,Per diem,
Inpatient - Psych,124,RC,Inpatient,,,2200.00,2200.00,UBH,UBH,,991.000,,,,,,,740.000,3063.000,Per diem,
Inpatient - Psych,124,RC,Inpatient,,,2200.00,2200.00,UHC,UHC,,991.000,,,,,,,740.000,3063.000,Per diem,
Inpatient - Psych,124,RC,Inpatient,,,2200.00,2200.00,UMR,UMR,,991.000,,,,,,,740.000,3063.000,Per diem,
Inpatient - Psych,124,RC,Inpatient,,,2200.00,2200.00,ACTIVE DUTY TRICARE EAST,ACTIVE DUTY TRICARE EAST,,1207.800,,,,,,,740.000,3063.000,Per diem,
Inpatient - Psych,124,RC,Inpatient,,,2200.00,2200.00,AETNA,AETNA,,849.000,,,,,,,740.000,3063.000,Per diem,
Inpatient - Psych,124,RC,Inpatient,,,2200.00,2200.00,ALLWELL,ALLWELL,,918.160,,,,,,,740.000,3063.000,Per diem,
Inpatient - Psych,124,RC,Inpatient,,,2200.00,2200.00,AMBETTER OF ARKANSAS,AMBETTER OF ARKANSAS,,950.000,,,,,,,740.000,3063.000,Per diem,
Inpatient - Psych,124,RC,Inpatient,,,2200.00,2200.00,BCBS AR PO,BCBS AR PO,,950.000,,,,,,,740.000,3063.000,Per diem,
Inpatient - Psych,124,RC,Inpatient,,,2200.00,2200.00,BLUE ADVANTAGE US ABLE,BLUE ADVANTAGE US ABLE,,925.000,,,,,,,740.000,3063.000,Per diem,
Inpatient - Psych,124,RC,Inpatient,,,2200.00,2200.00,BLUE CROSS BLUE SHIELD,BLUE CROSS BLUE SHIELD,,820.170,,,,,,,740.000,3063.000,Per diem,
Inpatient - Psych,124,RC,Inpatient,,,2200.00,2200.00,BLUE CROSS BLUE SHIELD AR,BLUE CROSS BLUE SHIELD AR,,925.000,,,,,,,740.000,3063.000,Per diem,
Inpatient - Psych,124,RC,Inpatient,,,2200.00,2200.00,BLUE CROSS FEDERAL,BLUE CROSS FEDERAL,,925.000,,,,,,,740.000,3063.000,Per diem,
Inpatient - Psych,124,RC,Inpatient,,,2200.00,2200.00,CHAMPVA,CHAMPVA,,1480.000,,,,,,,740.000,3063.000,Per diem,
Inpatient - Psych,124,RC,Inpatient,,,2200.00,2200.00,CIGNA BEHAVIORAL HEALTH,CIGNA BEHAVIORAL HEALTH,,933.000,,,,,,,740.000,3063.000,Per diem,
Inpatient - Psych,124,RC,Inpatient,,,2200.00,2200.00,HEALTH ADVANTAGE,HEALTH ADVANTAGE,,925.000,,,,,,,740.000,3063.000,Per diem,
Inpatient - Psych,124,RC,Inpatient,,,2200.00,2200.00,OPTUM HEALTH,OPTUM HEALTH,,991.000,,,,,,,740.000,3063.000,Per diem,
Inpatient - Psych,124,RC,Inpatient,,,2200.00,2200.00,QUAL CHOCIE PO,QUAL CHOCIE PO,,1009.000,,,,,,,740.000,3063.000,Per diem,
Inpatient - Psych,124,RC,Inpatient,,,2200.00,2200.00,QUAL CHOICE,QUAL CHOICE,,888.000,,,,,,,740.000,3063.000,Per diem,
Inpatient - Psych,124,RC,Inpatient,,,2200.00,2200.00,TRICARE EAST,TRICARE EAST,,1247.400,,,,,,,740.000,3063.000,Per diem,
Inpatient - Psych,124,RC,Inpatient,,,2200.00,2200.00,TRICARE WEST HN,TRICARE WEST HN,,1480.000,,,,,,,740.000,3063.000,Per diem,
Inpatient - Psych,124,RC,Inpatient,,,2200.00,2200.00,UBH,UBH,,991.000,,,,,,,740.000,3063.000,Per diem,
Inpatient - Psych,124,RC,Inpatient,,,2200.00,2200.00,UHC,UHC,,991.000,,,,,,,740.000,3063.000,Per diem,
Inpatient - Psych,124,RC,Inpatient,,,2200.00,2200.00,UMR,UMR,,991.000,,,,,,,740.000,3063.000,Per diem,
Inpatient - Psych,124,RC,Inpatient,,,2200.00,2200.00,ARKANSAS TOTAL CARE,ARKANSAS TOTAL CARE,,883.000,,,,,,,740.000,3063.000,Per diem,
Inpatient - Psych,124,RC,Inpatient,,,2200.00,2200.00,CARESOURCE,CARESOURCE,,883.000,,,,,,,740.000,3063.000,Per diem,
Inpatient - Psych,124,RC,Inpatient,,,2200.00,2200.00,EMPOWER O/21 HEATHCARE SOLUTIO,EMPOWER O/21 HEATHCARE SOLUTIO,,883.000,,,,,,,740.000,3063.000,Per diem,
Inpatient - Psych,124,RC,Inpatient,,,2200.00,2200.00,EMPOWER U/21 HEALTHCARE SOLUTI,EMPOWER U/21 HEALTHCARE SOLUTI,,883.000,,,,,,,740.000,3063.000,Per diem,
Inpatient - Psych,124,RC,Inpatient,,,2200.00,2200.00,SUMMIT COMMUNITY CARE,SUMMIT COMMUNITY CARE,,883.000,,,,,,,740.000,3063.000,Per diem,
Inpatient - Psych,124,RC,Inpatient,,,2200.00,2200.00,VALUE OPTION,VALUE OPTION,,957.000,,,,,,,740.000,3063.000,Per diem,
Inpatient - Psych,124,RC,Inpatient,,,2200.00,2200.00,ARKANSAS TOTAL CARE,ARKANSAS TOTAL CARE,,883.000,,,,,,,740.000,3063.000,Per diem,
Inpatient - Psych,124,RC,Inpatient,,,2200.00,2200.00,CARESOURCE,CARESOURCE,,883.000,,,,,,,740.000,3063.000,Per diem,
Inpatient - Psych,124,RC,Inpatient,,,2200.00,2200.00,EMPOWER O/21 HEATHCARE SOLUTIO,EMPOWER O/21 HEATHCARE SOLUTIO,,883.000,,,,,,,740.000,3063.000,Per diem,
Inpatient - Psych,124,RC,Inpatient,,,2200.00,2200.00,EMPOWER U/21 HEALTHCARE SOLUTI,EMPOWER U/21 HEALTHCARE SOLUTI,,883.000,,,,,,,740.000,3063.000,Per diem,
Inpatient - Psych,124,RC,Inpatient,,,2200.00,2200.00,SUMMIT COMMUNITY CARE,SUMMIT COMMUNITY CARE,,883.000,,,,,,,740.000,3063.000,Per diem,
Inpatient - Psych,124,RC,Inpatient,,,2200.00,2200.00,VALUE OPTION,VALUE OPTION,,957.000,,,,,,,740.000,3063.000,Per diem,
Inpatient - Psych,124,RC,Inpatient,,,2200.00,2200.00,ARKANSAS TOTAL CARE,ARKANSAS TOTAL CARE,,883.000,,,,,,,740.000,3063.000,Per diem,
Inpatient - Psych,124,RC,Inpatient,,,2200.00,2200.00,CARESOURCE,CARESOURCE,,883.000,,,,,,,740.000,3063.000,Per diem,
Inpatient - Psych,124,RC,Inpatient,,,2200.00,2200.00,EMPOWER O/21 HEATHCARE SOLUTIO,EMPOWER O/21 HEATHCARE SOLUTIO,,883.000,,,,,,,740.000,3063.000,Per diem,
Inpatient - Psych,124,RC,Inpatient,,,2200.00,2200.00,EMPOWER U/21 HEALTHCARE SOLUTI,EMPOWER U/21 HEALTHCARE SOLUTI,,883.000,,,,,,,740.000,3063.000,Per diem,
Inpatient - Psych,124,RC,Inpatient,,,2200.00,2200.00,SUMMIT COMMUNITY CARE,SUMMIT COMMUNITY CARE,,883.000,,,,,,,740.000,3063.000,Per diem,
Inpatient - Psych,124,RC,Inpatient,,,2200.00,2200.00,VALUE OPTION,VALUE OPTION,,957.000,,,,,,,740.000,3063.000,Per diem,
Inpatient - Rehab,124,RC,Inpatient,,,2200.00,2200.00,QUAL CHOCIE PO,QUAL CHOCIE PO,,844.000,,,,,,,844.000,844.000,Per diem,
Inpatient - Rehab,124,RC,Inpatient,,,2200.00,2200.00,QUAL CHOCIE PO,QUAL CHOCIE PO,,844.000,,,,,,,844.000,844.000,Per diem,
Intensive Outpatient - ALL,905,RC,Outpatient,,,414.00,414.00,BLUE MANAGED MEDICARE,BLUE MANAGED MEDICARE,,66.940,,,,,,,66.940,66.940,Other,This service will be charge as a Per Visit
IOP - Psych,905,RC,Outpatient,,,414.00,414.00,UHC MANAGED MEDICARE,UHC MANAGED MEDICARE,,134.000,,,,,,,67.000,227.000,Other,This service will be charge as a Per Visit
IOP - Psych,905,RC,Outpatient,,,414.00,414.00,UHC MANAGED MEDICARE,UHC MANAGED MEDICARE,,134.000,,,,,,,67.000,227.000,Other,This service will be charge as a Per Visit
IOP - Psych,905,RC,Outpatient,,,414.00,414.00,ACTIVE DUTY TRICARE EAST,ACTIVE DUTY TRICARE EAST,,187.580,,,,,,,67.000,227.000,Other,This service will be charge as a Per Visit
IOP - Psych,905,RC,Outpatient,,,414.00,414.00,AETNA,AETNA,,175.100,,,,,,,67.000,227.000,Other,This service will be charge as a Per Visit
IOP - Psych,905,RC,Outpatient,,,414.00,414.00,ALLWELL,ALLWELL,,132.000,,,,,,,67.000,227.000,Other,This service will be charge as a Per Visit
IOP - Psych,905,RC,Outpatient,,,414.00,414.00,AMBETTER OF ARKANSAS,AMBETTER OF ARKANSAS,,134.640,,,,,,,67.000,227.000,Other,This service will be charge as a Per Visit
IOP - Psych,905,RC,Outpatient,,,414.00,414.00,BCBS AR PO,BCBS AR PO,,200.000,,,,,,,67.000,227.000,Other,This service will be charge as a Per Visit
IOP - Psych,905,RC,Outpatient,,,414.00,414.00,BLUE ADVANTAGE US ABLE,BLUE ADVANTAGE US ABLE,,162.240,,,,,,,67.000,227.000,Other,This service will be charge as a Per Visit
IOP - Psych,905,RC,Outpatient,,,414.00,414.00,BLUE CROSS BLUE SHIELD,BLUE CROSS BLUE SHIELD,,200.000,,,,,,,67.000,227.000,Other,This service will be charge as a Per Visit
IOP - Psych,905,RC,Outpatient,,,414.00,414.00,BLUE CROSS BLUE SHIELD AR,BLUE CROSS BLUE SHIELD AR,,200.000,,,,,,,67.000,227.000,Other,This service will be charge as a Per Visit
IOP - Psych,905,RC,Outpatient,,,414.00,414.00,BLUE CROSS FEDERAL,BLUE CROSS FEDERAL,,156.000,,,,,,,67.000,227.000,Other,This service will be charge as a Per Visit
IOP - Psych,905,RC,Outpatient,,,414.00,414.00,CIGNA BEHAVIORAL HEALTH,CIGNA BEHAVIORAL HEALTH,,227.000,,,,,,,67.000,227.000,Other,This service will be charge as a Per Visit
IOP - Psych,905,RC,Outpatient,,,414.00,414.00,HEALTH ADVANTAGE,HEALTH ADVANTAGE,,162.240,,,,,,,67.000,227.000,Other,This service will be charge as a Per Visit
IOP - Psych,905,RC,Outpatient,,,414.00,414.00,HUMANA,HUMANA,,67.000,,,,,,,67.000,227.000,Other,This service will be charge as a Per Visit
IOP - Psych,905,RC,Outpatient,,,414.00,414.00,OPTUM HEALTH,OPTUM HEALTH,,166.000,,,,,,,67.000,227.000,Other,This service will be charge as a Per Visit
IOP - Psych,905,RC,Outpatient,,,414.00,414.00,QUAL CHOCIE PO,QUAL CHOCIE PO,,150.000,,,,,,,67.000,227.000,Other,This service will be charge as a Per Visit
IOP - Psych,905,RC,Outpatient,,,414.00,414.00,QUAL CHOICE,QUAL CHOICE,,132.000,,,,,,,67.000,227.000,Other,This service will be charge as a Per Visit
IOP - Psych,905,RC,Outpatient,,,414.00,414.00,TRICARE EAST,TRICARE EAST,,191.820,,,,,,,67.000,227.000,Other,This service will be charge as a Per Visit
IOP - Psych,905,RC,Outpatient,,,414.00,414.00,TRICARE WEST HN,TRICARE WEST HN,,203.150,,,,,,,67.000,227.000,Other,This service will be charge as a Per Visit
IOP - Psych,905,RC,Outpatient,,,414.00,414.00,UBH,UBH,,166.000,,,,,,,67.000,227.000,Other,This service will be charge as a Per Visit
IOP - Psych,905,RC,Outpatient,,,414.00,414.00,UHC,UHC,,166.000,,,,,,,67.000,227.000,Other,This service will be charge as a Per Visit
IOP - Psych,905,RC,Outpatient,,,414.00,414.00,UHC MANAGED MEDICARE,UHC MANAGED MEDICARE,,134.000,,,,,,,67.000,227.000,Other,This service will be charge as a Per Visit
IOP - Psych,905,RC,Outpatient,,,414.00,414.00,UMR,UMR,,166.000,,,,,,,67.000,227.000,Other,This service will be charge as a Per Visit
IOP - Psych,905,RC,Outpatient,,,414.00,414.00,VALUE OPTION,VALUE OPTION,,125.000,,,,,,,67.000,227.000,Other,This service will be charge as a Per Visit
IOP - Psych,905,RC,Outpatient,,,414.00,414.00,ACTIVE DUTY TRICARE EAST,ACTIVE DUTY TRICARE EAST,,187.580,,,,,,,67.000,227.000,Other,This service will be charge as a Per Visit
IOP - Psych,905,RC,Outpatient,,,414.00,414.00,AETNA,AETNA,,175.100,,,,,,,67.000,227.000,Other,This service will be charge as a Per Visit
IOP - Psych,905,RC,Outpatient,,,414.00,414.00,ALLWELL,ALLWELL,,132.000,,,,,,,67.000,227.000,Other,This service will be charge as a Per Visit
IOP - Psych,905,RC,Outpatient,,,414.00,414.00,AMBETTER OF ARKANSAS,AMBETTER OF ARKANSAS,,134.640,,,,,,,67.000,227.000,Other,This service will be charge as a Per Visit
IOP - Psych,905,RC,Outpatient,,,414.00,414.00,BCBS AR PO,BCBS AR PO,,200.000,,,,,,,67.000,227.000,Other,This service will be charge as a Per Visit
IOP - Psych,905,RC,Outpatient,,,414.00,414.00,BLUE ADVANTAGE US ABLE,BLUE ADVANTAGE US ABLE,,162.240,,,,,,,67.000,227.000,Other,This service will be charge as a Per Visit
IOP - Psych,905,RC,Outpatient,,,414.00,414.00,BLUE CROSS BLUE SHIELD,BLUE CROSS BLUE SHIELD,,200.000,,,,,,,67.000,227.000,Other,This service will be charge as a Per Visit
IOP - Psych,905,RC,Outpatient,,,414.00,414.00,BLUE CROSS BLUE SHIELD AR,BLUE CROSS BLUE SHIELD AR,,200.000,,,,,,,67.000,227.000,Other,This service will be charge as a Per Visit
IOP - Psych,905,RC,Outpatient,,,414.00,414.00,BLUE CROSS FEDERAL,BLUE CROSS FEDERAL,,156.000,,,,,,,67.000,227.000,Other,This service will be charge as a Per Visit
IOP - Psych,905,RC,Outpatient,,,414.00,414.00,CIGNA BEHAVIORAL HEALTH,CIGNA BEHAVIORAL HEALTH,,227.000,,,,,,,67.000,227.000,Other,This service will be charge as a Per Visit
IOP - Psych,905,RC,Outpatient,,,414.00,414.00,HEALTH ADVANTAGE,HEALTH ADVANTAGE,,162.240,,,,,,,67.000,227.000,Other,This service will be charge as a Per Visit
IOP - Psych,905,RC,Outpatient,,,414.00,414.00,HUMANA,HUMANA,,67.000,,,,,,,67.000,227.000,Other,This service will be charge as a Per Visit
IOP - Psych,905,RC,Outpatient,,,414.00,414.00,OPTUM HEALTH,OPTUM HEALTH,,166.000,,,,,,,67.000,227.000,Other,This service will be charge as a Per Visit
IOP - Psych,905,RC,Outpatient,,,414.00,414.00,QUAL CHOCIE PO,QUAL CHOCIE PO,,150.000,,,,,,,67.000,227.000,Other,This service will be charge as a Per Visit
IOP - Psych,905,RC,Outpatient,,,414.00,414.00,QUAL CHOICE,QUAL CHOICE,,132.000,,,,,,,67.000,227.000,Other,This service will be charge as a Per Visit
IOP - Psych,905,RC,Outpatient,,,414.00,414.00,TRICARE EAST,TRICARE EAST,,191.820,,,,,,,67.000,227.000,Other,This service will be charge as a Per Visit
IOP - Psych,905,RC,Outpatient,,,414.00,414.00,TRICARE WEST HN,TRICARE WEST HN,,203.150,,,,,,,67.000,227.000,Other,This service will be charge as a Per Visit
IOP - Psych,905,RC,Outpatient,,,414.00,414.00,UBH,UBH,,166.000,,,,,,,67.000,227.000,Other,This service will be charge as a Per Visit
IOP - Psych,905,RC,Outpatient,,,414.00,414.00,UHC,UHC,,166.000,,,,,,,67.000,227.000,Other,This service will be charge as a Per Visit
IOP - Psych,905,RC,Outpatient,,,414.00,414.00,UHC MANAGED MEDICARE,UHC MANAGED MEDICARE,,134.000,,,,,,,67.000,227.000,Other,This service will be charge as a Per Visit
IOP - Psych,905,RC,Outpatient,,,414.00,414.00,UMR,UMR,,166.000,,,,,,,67.000,227.000,Other,This service will be charge as a Per Visit
IOP - Psych,905,RC,Outpatient,,,414.00,414.00,VALUE OPTION,VALUE OPTION,,125.000,,,,,,,67.000,227.000,Other,This service will be charge as a Per Visit
IOP - Psych,905,RC,Outpatient,,,414.00,414.00,UHC MANAGED MEDICARE,UHC MANAGED MEDICARE,,134.000,,,,,,,67.000,227.000,Other,This service will be charge as a Per Visit
IOP - Psych,905,RC,Outpatient,,,414.00,414.00,UHC MANAGED MEDICARE,UHC MANAGED MEDICARE,,134.000,,,,,,,67.000,227.000,Other,This service will be charge as a Per Visit
IOP - SUD,906,RC,Outpatient,,,414.00,414.00,AETNA,AETNA,,175.100,,,,,,,132.000,234.000,Other,This service will be charge as a Per Visit
IOP - SUD,906,RC,Outpatient,,,414.00,414.00,ALLWELL,ALLWELL,,132.000,,,,,,,132.000,234.000,Other,This service will be charge as a Per Visit
IOP - SUD,906,RC,Outpatient,,,414.00,414.00,AMBETTER OF ARKANSAS,AMBETTER OF ARKANSAS,,134.640,,,,,,,132.000,234.000,Other,This service will be charge as a Per Visit
IOP - SUD,906,RC,Outpatient,,,414.00,414.00,BCBS AR PO,BCBS AR PO,,200.000,,,,,,,132.000,234.000,Other,This service will be charge as a Per Visit
IOP - SUD,906,RC,Outpatient,,,414.00,414.00,BLUE ADVANTAGE US ABLE,BLUE ADVANTAGE US ABLE,,162.240,,,,,,,132.000,234.000,Other,This service will be charge as a Per Visit
IOP - SUD,906,RC,Outpatient,,,414.00,414.00,BLUE CROSS BLUE SHIELD,BLUE CROSS BLUE SHIELD,,200.000,,,,,,,132.000,234.000,Other,This service will be charge as a Per Visit
IOP - SUD,906,RC,Outpatient,,,414.00,414.00,BLUE CROSS BLUE SHIELD AR,BLUE CROSS BLUE SHIELD AR,,200.000,,,,,,,132.000,234.000,Other,This service will be charge as a Per Visit
IOP - SUD,906,RC,Outpatient,,,414.00,414.00,HEALTH ADVANTAGE,HEALTH ADVANTAGE,,162.240,,,,,,,132.000,234.000,Other,This service will be charge as a Per Visit
IOP - SUD,906,RC,Outpatient,,,414.00,414.00,OPTUM HEALTH,OPTUM HEALTH,,234.000,,,,,,,132.000,234.000,Other,This service will be charge as a Per Visit
IOP - SUD,906,RC,Outpatient,,,414.00,414.00,QUAL CHOCIE PO,QUAL CHOCIE PO,,150.000,,,,,,,132.000,234.000,Other,This service will be charge as a Per Visit
IOP - SUD,906,RC,Outpatient,,,414.00,414.00,QUAL CHOICE,QUAL CHOICE,,132.000,,,,,,,132.000,234.000,Other,This service will be charge as a Per Visit
IOP - SUD,906,RC,Outpatient,,,414.00,414.00,UBH,UBH,,234.000,,,,,,,132.000,234.000,Other,This service will be charge as a Per Visit
IOP - SUD,906,RC,Outpatient,,,414.00,414.00,UHC,UHC,,234.000,,,,,,,132.000,234.000,Other,This service will be charge as a Per Visit
IOP - SUD,906,RC,Outpatient,,,414.00,414.00,UMR,UMR,,234.000,,,,,,,132.000,234.000,Other,This service will be charge as a Per Visit
IOP - SUD,906,RC,Outpatient,,,414.00,414.00,AETNA,AETNA,,175.100,,,,,,,132.000,234.000,Other,This service will be charge as a Per Visit
IOP - SUD,906,RC,Outpatient,,,414.00,414.00,ALLWELL,ALLWELL,,132.000,,,,,,,132.000,234.000,Other,This service will be charge as a Per Visit
IOP - SUD,906,RC,Outpatient,,,414.00,414.00,AMBETTER OF ARKANSAS,AMBETTER OF ARKANSAS,,134.640,,,,,,,132.000,234.000,Other,This service will be charge as a Per Visit
IOP - SUD,906,RC,Outpatient,,,414.00,414.00,BCBS AR PO,BCBS AR PO,,200.000,,,,,,,132.000,234.000,Other,This service will be charge as a Per Visit
IOP - SUD,906,RC,Outpatient,,,414.00,414.00,BLUE ADVANTAGE US ABLE,BLUE ADVANTAGE US ABLE,,162.240,,,,,,,132.000,234.000,Other,This service will be charge as a Per Visit
IOP - SUD,906,RC,Outpatient,,,414.00,414.00,BLUE CROSS BLUE SHIELD,BLUE CROSS BLUE SHIELD,,200.000,,,,,,,132.000,234.000,Other,This service will be charge as a Per Visit
IOP - SUD,906,RC,Outpatient,,,414.00,414.00,BLUE CROSS BLUE SHIELD AR,BLUE CROSS BLUE SHIELD AR,,200.000,,,,,,,132.000,234.000,Other,This service will be charge as a Per Visit
IOP - SUD,906,RC,Outpatient,,,414.00,414.00,HEALTH ADVANTAGE,HEALTH ADVANTAGE,,162.240,,,,,,,132.000,234.000,Other,This service will be charge as a Per Visit
IOP - SUD,906,RC,Outpatient,,,414.00,414.00,OPTUM HEALTH,OPTUM HEALTH,,234.000,,,,,,,132.000,234.000,Other,This service will be charge as a Per Visit
IOP - SUD,906,RC,Outpatient,,,414.00,414.00,QUAL CHOCIE PO,QUAL CHOCIE PO,,150.000,,,,,,,132.000,234.000,Other,This service will be charge as a Per Visit
IOP - SUD,906,RC,Outpatient,,,414.00,414.00,QUAL CHOICE,QUAL CHOICE,,132.000,,,,,,,132.000,234.000,Other,This service will be charge as a Per Visit
IOP - SUD,906,RC,Outpatient,,,414.00,414.00,UBH,UBH,,234.000,,,,,,,132.000,234.000,Other,This service will be charge as a Per Visit
IOP - SUD,906,RC,Outpatient,,,414.00,414.00,UHC,UHC,,234.000,,,,,,,132.000,234.000,Other,This service will be charge as a Per Visit
IOP - SUD,906,RC,Outpatient,,,414.00,414.00,UMR,UMR,,234.000,,,,,,,132.000,234.000,Other,This service will be charge as a Per Visit
Outpatient - ECT,901,RC,Outpatient,,,759.65,759.65,ALLWELL,ALLWELL,,607.720,,,,,,,376.470,696.000,Per Diem,
Outpatient - ECT,901,RC,Outpatient,,,759.65,759.65,AMBETTER OF ARKANSAS,AMBETTER OF ARKANSAS,,607.720,,,,,,,376.470,696.000,Per Diem,
Outpatient - ECT,901,RC,Outpatient,,,759.65,759.65,QUAL CHOCIE PO,QUAL CHOCIE PO,,607.720,,,,,,,376.470,696.000,Per Diem,
Outpatient - ECT,901,RC,Outpatient,,,759.65,759.65,QUAL CHOICE,QUAL CHOICE,,607.720,,,,,,,376.470,696.000,Per Diem,
Outpatient - ECT,901,RC,Outpatient,,,759.65,759.65,ACTIVE DUTY TRICARE EAST,ACTIVE DUTY TRICARE EAST,,438.470,,,,,,,376.470,696.000,Other,This service will be charge as a Per Visit
Outpatient - ECT,901,RC,Outpatient,,,759.65,759.65,AETNA,AETNA,,669.500,,,,,,,376.470,696.000,Other,This service will be charge as a Per Visit
Outpatient - ECT,901,RC,Outpatient,,,759.65,759.65,BCBS AR PO,BCBS AR PO,,376.470,,,,,,,376.470,696.000,Other,This service will be charge as a Per Visit
Outpatient - ECT,901,RC,Outpatient,,,759.65,759.65,BLUE ADVANTAGE US ABLE,BLUE ADVANTAGE US ABLE,,376.470,,,,,,,376.470,696.000,Other,This service will be charge as a Per Visit
Outpatient - ECT,901,RC,Outpatient,,,759.65,759.65,BLUE CROSS BLUE SHIELD,BLUE CROSS BLUE SHIELD,,376.470,,,,,,,376.470,696.000,Other,This service will be charge as a Per Visit
Outpatient - ECT,901,RC,Outpatient,,,759.65,759.65,BLUE CROSS BLUE SHIELD AR,BLUE CROSS BLUE SHIELD AR,,458.880,,,,,,,376.470,696.000,Other,This service will be charge as a Per Visit
Outpatient - ECT,901,RC,Outpatient,,,759.65,759.65,BLUE CROSS FEDERAL,BLUE CROSS FEDERAL,,448.270,,,,,,,376.470,696.000,Other,This service will be charge as a Per Visit
Outpatient - ECT,901,RC,Outpatient,,,759.65,759.65,HEALTH ADVANTAGE,HEALTH ADVANTAGE,,458.880,,,,,,,376.470,696.000,Other,This service will be charge as a Per Visit
Outpatient - ECT,901,RC,Outpatient,,,759.65,759.65,OPTUM HEALTH,OPTUM HEALTH,,675.000,,,,,,,376.470,696.000,Other,This service will be charge as a Per Visit
Outpatient - ECT,901,RC,Outpatient,,,759.65,759.65,TRICARE EAST,TRICARE EAST,,463.920,,,,,,,376.470,696.000,Other,This service will be charge as a Per Visit
Outpatient - ECT,901,RC,Outpatient,,,759.65,759.65,TRICARE WEST HN,TRICARE WEST HN,,487.970,,,,,,,376.470,696.000,Other,This service will be charge as a Per Visit
Outpatient - ECT,901,RC,Outpatient,,,759.65,759.65,UBH,UBH,,675.000,,,,,,,376.470,696.000,Other,This service will be charge as a Per Visit
Outpatient - ECT,901,RC,Outpatient,,,759.65,759.65,UHC,UHC,,675.000,,,,,,,376.470,696.000,Other,This service will be charge as a Per Visit
Outpatient - ECT,901,RC,Outpatient,,,759.65,759.65,UMR,UMR,,675.000,,,,,,,376.470,696.000,Other,This service will be charge as a Per Visit
Outpatient - ECT,901,RC,Outpatient,,,759.65,759.65,BLUE MANAGED MEDICARE,BLUE MANAGED MEDICARE,,402.600,,,,,,,376.470,696.000,Other,This service will be charge as a Per Visit
Outpatient - ECT,901,RC,Outpatient,,,759.65,759.65,CIGNA BEHAVIORAL HEALTH,CIGNA BEHAVIORAL HEALTH,,696.000,,,,,,,376.470,696.000,Other,This service will be charge as a Per Visit
Partial Hospital - ALL,915,RC,Outpatient,,,825.00,825.00,BLUE MANAGED MEDICARE,BLUE MANAGED MEDICARE,,212.990,,,,,,,212.990,212.990,Other,This service will be charge as a Per Visit
Partial Hospital - Psych,915,RC,Outpatient,,,825.00,825.00,UHC MANAGED MEDICARE,UHC MANAGED MEDICARE,,335.000,,,,,,,200.000,434.000,Other,This service will be charge as a Per Visit
Partial Hospital - Psych,915,RC,Outpatient,,,825.00,825.00,ACTIVE DUTY TRICARE EAST,ACTIVE DUTY TRICARE EAST,,243.280,,,,,,,200.000,434.000,Other,This service will be charge as a Per Visit
Partial Hospital - Psych,915,RC,Outpatient,,,825.00,825.00,AETNA,AETNA,,381.000,,,,,,,200.000,434.000,Other,This service will be charge as a Per Visit
Partial Hospital - Psych,915,RC,Outpatient,,,825.00,825.00,ALLWELL,ALLWELL,,330.000,,,,,,,200.000,434.000,Other,This service will be charge as a Per Visit
Partial Hospital - Psych,915,RC,Outpatient,,,825.00,825.00,AMBETTER OF ARKANSAS,AMBETTER OF ARKANSAS,,336.600,,,,,,,200.000,434.000,Other,This service will be charge as a Per Visit
Partial Hospital - Psych,915,RC,Outpatient,,,825.00,825.00,BCBS AR PO,BCBS AR PO,,330.000,,,,,,,200.000,434.000,Other,This service will be charge as a Per Visit
Partial Hospital - Psych,915,RC,Outpatient,,,825.00,825.00,BLUE ADVANTAGE US ABLE,BLUE ADVANTAGE US ABLE,,286.000,,,,,,,200.000,434.000,Other,This service will be charge as a Per Visit
Partial Hospital - Psych,915,RC,Outpatient,,,825.00,825.00,BLUE CROSS BLUE SHIELD,BLUE CROSS BLUE SHIELD,,286.000,,,,,,,200.000,434.000,Other,This service will be charge as a Per Visit
Partial Hospital - Psych,915,RC,Outpatient,,,825.00,825.00,BLUE CROSS BLUE SHIELD AR,BLUE CROSS BLUE SHIELD AR,,286.000,,,,,,,200.000,434.000,Other,This service will be charge as a Per Visit
Partial Hospital - Psych,915,RC,Outpatient,,,825.00,825.00,BLUE CROSS FEDERAL,BLUE CROSS FEDERAL,,260.000,,,,,,,200.000,434.000,Other,This service will be charge as a Per Visit
Partial Hospital - Psych,915,RC,Outpatient,,,825.00,825.00,CIGNA BEHAVIORAL HEALTH,CIGNA BEHAVIORAL HEALTH,,434.000,,,,,,,200.000,434.000,Other,This service will be charge as a Per Visit
Partial Hospital - Psych,915,RC,Outpatient,,,825.00,825.00,HEALTH ADVANTAGE,HEALTH ADVANTAGE,,330.000,,,,,,,200.000,434.000,Other,This service will be charge as a Per Visit
Partial Hospital - Psych,915,RC,Outpatient,,,825.00,825.00,HUMANA,HUMANA,,213.000,,,,,,,200.000,434.000,Other,This service will be charge as a Per Visit
Partial Hospital - Psych,915,RC,Outpatient,,,825.00,825.00,OPTUM HEALTH,OPTUM HEALTH,,415.000,,,,,,,200.000,434.000,Other,This service will be charge as a Per Visit
Partial Hospital - Psych,915,RC,Outpatient,,,825.00,825.00,QUAL CHOCIE PO,QUAL CHOCIE PO,,375.000,,,,,,,200.000,434.000,Other,This service will be charge as a Per Visit
Partial Hospital - Psych,915,RC,Outpatient,,,825.00,825.00,QUAL CHOICE,QUAL CHOICE,,330.000,,,,,,,200.000,434.000,Other,This service will be charge as a Per Visit
Partial Hospital - Psych,915,RC,Outpatient,,,825.00,825.00,TRICARE EAST,TRICARE EAST,,325.070,,,,,,,200.000,434.000,Other,This service will be charge as a Per Visit
Partial Hospital - Psych,915,RC,Outpatient,,,825.00,825.00,TRICARE WEST HN,TRICARE WEST HN,,384.830,,,,,,,200.000,434.000,Other,This service will be charge as a Per Visit
Partial Hospital - Psych,915,RC,Outpatient,,,825.00,825.00,UBH,UBH,,415.000,,,,,,,200.000,434.000,Other,This service will be charge as a Per Visit
Partial Hospital - Psych,915,RC,Outpatient,,,825.00,825.00,UHC,UHC,,415.000,,,,,,,200.000,434.000,Other,This service will be charge as a Per Visit
Partial Hospital - Psych,915,RC,Outpatient,,,825.00,825.00,UHC MANAGED MEDICARE,UHC MANAGED MEDICARE,,335.000,,,,,,,200.000,434.000,Other,This service will be charge as a Per Visit
Partial Hospital - Psych,915,RC,Outpatient,,,825.00,825.00,UMR,UMR,,415.000,,,,,,,200.000,434.000,Other,This service will be charge as a Per Visit
Partial Hospital - Psych,915,RC,Outpatient,,,825.00,825.00,VALUE OPTION,VALUE OPTION,,200.000,,,,,,,200.000,434.000,Other,This service will be charge as a Per Visit
Partial Hospital - Psych,915,RC,Outpatient,,,825.00,825.00,CHAMPVA,CHAMPVA,,237.280,,,,,,,200.000,434.000,Other,This service will be charge as a Per Visit
Partial Hospital - Psych,915,RC,Outpatient,,,825.00,825.00,UHC MANAGED MEDICARE,UHC MANAGED MEDICARE,,335.000,,,,,,,200.000,434.000,Other,This service will be charge as a Per Visit
Partial Hospital - SUD,915,RC,Outpatient,,,825.00,825.00,AETNA,AETNA,,381.000,,,,,,,132.000,415.000,Other,This service will be charge as a Per Visit
Partial Hospital - SUD,915,RC,Outpatient,,,825.00,825.00,ALLWELL,ALLWELL,,132.000,,,,,,,132.000,415.000,Other,This service will be charge as a Per Visit
Partial Hospital - SUD,915,RC,Outpatient,,,825.00,825.00,AMBETTER OF ARKANSAS,AMBETTER OF ARKANSAS,,336.600,,,,,,,132.000,415.000,Other,This service will be charge as a Per Visit
Partial Hospital - SUD,915,RC,Outpatient,,,825.00,825.00,BCBS AR PO,BCBS AR PO,,330.000,,,,,,,132.000,415.000,Other,This service will be charge as a Per Visit
Partial Hospital - SUD,915,RC,Outpatient,,,825.00,825.00,BLUE ADVANTAGE US ABLE,BLUE ADVANTAGE US ABLE,,286.000,,,,,,,132.000,415.000,Other,This service will be charge as a Per Visit
Partial Hospital - SUD,915,RC,Outpatient,,,825.00,825.00,BLUE CROSS BLUE SHIELD,BLUE CROSS BLUE SHIELD,,286.000,,,,,,,132.000,415.000,Other,This service will be charge as a Per Visit
Partial Hospital - SUD,915,RC,Outpatient,,,825.00,825.00,BLUE CROSS BLUE SHIELD AR,BLUE CROSS BLUE SHIELD AR,,286.000,,,,,,,132.000,415.000,Other,This service will be charge as a Per Visit
Partial Hospital - SUD,915,RC,Outpatient,,,825.00,825.00,OPTUM HEALTH,OPTUM HEALTH,,415.000,,,,,,,132.000,415.000,Other,This service will be charge as a Per Visit
Partial Hospital - SUD,915,RC,Outpatient,,,825.00,825.00,QUAL CHOCIE PO,QUAL CHOCIE PO,,375.000,,,,,,,132.000,415.000,Other,This service will be charge as a Per Visit
Partial Hospital - SUD,915,RC,Outpatient,,,825.00,825.00,QUAL CHOICE,QUAL CHOICE,,330.000,,,,,,,132.000,415.000,Other,This service will be charge as a Per Visit
Partial Hospital - SUD,915,RC,Outpatient,,,825.00,825.00,UBH,UBH,,415.000,,,,,,,132.000,415.000,Other,This service will be charge as a Per Visit
Partial Hospital - SUD,915,RC,Outpatient,,,825.00,825.00,UHC,UHC,,415.000,,,,,,,132.000,415.000,Other,This service will be charge as a Per Visit
Partial Hospital - SUD,915,RC,Outpatient,,,825.00,825.00,UMR,UMR,,415.000,,,,,,,132.000,415.000,Other,This service will be charge as a Per Visit
RTC - Psych,129,RC,Inpatient,,,1183.00,1183.00,UBH,UBH,,533.000,,,,,,,533.000,590.000,Per diem,
RTC - Psych,129,RC,Inpatient,,,1183.00,1183.00,UBH,UBH,,533.000,,,,,,,533.000,590.000,Per diem,
RTC - Psych,129,RC,Inpatient,,,1183.00,1183.00,ARKANSAS TOTAL CARE,ARKANSAS TOTAL CARE,,590.000,,,,,,,533.000,590.000,Per diem,
RTC - Psych,129,RC,Inpatient,,,1183.00,1183.00,CARESOURCE,CARESOURCE,,590.000,,,,,,,533.000,590.000,Per diem,
RTC - Psych,129,RC,Inpatient,,,1183.00,1183.00,EMPOWER U/21 HEALTHCARE SOLUTI,EMPOWER U/21 HEALTHCARE SOLUTI,,590.000,,,,,,,533.000,590.000,Per diem,
RTC - Psych,129,RC,Inpatient,,,1183.00,1183.00,SUMMIT COMMUNITY CARE,SUMMIT COMMUNITY CARE,,590.000,,,,,,,533.000,590.000,Per diem,
RTC - Psych,129,RC,Inpatient,,,1183.00,1183.00,ARKANSAS TOTAL CARE,ARKANSAS TOTAL CARE,,590.000,,,,,,,533.000,590.000,Per diem,
RTC - Psych,129,RC,Inpatient,,,1183.00,1183.00,CARESOURCE,CARESOURCE,,590.000,,,,,,,533.000,590.000,Per diem,
RTC - Psych,129,RC,Inpatient,,,1183.00,1183.00,EMPOWER U/21 HEALTHCARE SOLUTI,EMPOWER U/21 HEALTHCARE SOLUTI,,590.000,,,,,,,533.000,590.000,Per diem,
RTC - Psych,129,RC,Inpatient,,,1183.00,1183.00,SUMMIT COMMUNITY CARE,SUMMIT COMMUNITY CARE,,590.000,,,,,,,533.000,590.000,Per diem,
RTC - Psych,129,RC,Inpatient,,,1183.00,1183.00,EMPOWER U/21 HEALTHCARE SOLUTI,EMPOWER U/21 HEALTHCARE SOLUTI,,590.000,,,,,,,533.000,590.000,Per diem,
RTC - Psych,129,RC,Inpatient,,,1183.00,1183.00,SUMMIT COMMUNITY CARE,SUMMIT COMMUNITY CARE,,590.000,,,,,,,533.000,590.000,Per diem,
RTC - Psych,129,RC,Inpatient,,,1183.00,1183.00,EMPOWER U/21 HEALTHCARE SOLUTI,EMPOWER U/21 HEALTHCARE SOLUTI,,590.000,,,,,,,533.000,590.000,Per diem,
RTC - Psych,129,RC,Inpatient,,,1183.00,1183.00,SUMMIT COMMUNITY CARE,SUMMIT COMMUNITY CARE,,590.000,,,,,,,533.000,590.000,Per diem,
